Workbook
Name Slicer_New_MCR_ID: #N/A

Sheet BP2026_Archive (21Apr26)
A1: Team bucket | B1: New Team bucket | C1: New MCR ID | D1: WBS | E1: Task name | F1: Resource group | G1: Orga new | H1: Cost type | I1: Person booking | J1: BP26 FTE (%) - input | K1: Target Responsible | L1: CF02 FTE(%) - input | M1: Total Hrs 2026 | N1: Rate 2026 | O1: Personnel costs | P1: C-Hub PF | Q1: C-Hub Cust Ext | R1: CF02 C-Hub PF | S1: CF02 C-Hub Cust Ext | T1: CF05 C-Hub PF | U1: CF05 C-Hub Cust Ext | V1: Comments | W1: Act Jan-25 | X1: Act Feb-25 | Y1: Act Mar-25 | Z1: Act Apr-25 | AA1: Act May-25 | AB1: Act Jun-25 | AC1: Act Jul-25 | AD1: Act Aug-25 | AE1: Act Sep-25 | AF1: Act Oct-25 | AG1: Act Nov-25 | AH1: Act Dec-25 | AI1: YTD Actuals 2025 | AJ1: BAC (CF05 Plan) | AK1: EAC (based on YTD actuals) | AL1: Gap | AM1: Column1
A2: Refunding | B2: Refunding | C2: BM-00110021_003 | D2: BM-00110021_003_00000006 | E2: Refunding for C-Hub main project ögP | F2: PS-SC/CE-EU, CE-PE Publicly Funded Project - Refunding | H2: Refunding | I2: (blank) | P2: -330000 | Q2: 0 | R2: =Table42610[[#This Row],[C-Hub PF]] -> -330000 | T2: -330000 | AI2: =SUMIF(#REF!,"completed",Table42610[[#This Row],[Act Jan-25]:[Act Dec-25]]) -> #REF! | AJ2: =Table42610[[#This Row],[CF05 C-Hub PF]] -> -330000 | AK2: -330000 | AL2: =Table42610[[#This Row],[EAC (based on YTD actuals)]]-Table42610[[#This Row],[BAC (CF05 Plan)]] -> 0
A3: Stretch target | B3: Stretch target | C3: BM-00110021_002 | E3: Stretch target (budget cut) | F3: PS-SC/PAC Other Costs | H3: Stretch target | R3: -400000 | T3: -400000 | V3: Budget cut = 400k€, set initially on 27-Jan-26 in _003 | AI3: =SUMIF(#REF!,"completed",Table42610[[#This Row],[Act Jan-25]:[Act Dec-25]]) -> #REF! | AJ3: =Table42610[[#This Row],[CF05 C-Hub PF]] -> -400000 | AK3: =SUM(Table42610[[#This Row],[Act Jan-25]:[Act Dec-25]]) -> 0 | AL3: =Table42610[[#This Row],[EAC (based on YTD actuals)]]-Table42610[[#This Row],[BAC (CF05 Plan)]] -> 400000
A4: Refunding | B4: Refunding | C4: BM-00110021_005 | E4: Refunding for C-Hub XC ögP | F4: PS-SC/CE-EU, CE-PE Publicly Funded Project - Refunding | H4: Refunding | I4: (blank) | P4: 0 | Q4: 0 | R4: =Table42610[[#This Row],[C-Hub PF]] -> 0 | T4: 0 | Y4: =$AJ4/12 -> 0 | Z4: =$AJ4/12 -> 0 | AA4: =$AJ4/12 -> 0 | AB4: =$AJ4/12 -> 0 | AC4: =$AJ4/12 -> 0 | AD4: =$AJ4/12 -> 0 | AE4: =$AJ4/12 -> 0 | AF4: =$AJ4/12 -> 0 | ... AH4: =$AJ4/12 -> 0 | AI4: =SUMIF(#REF!,"completed",Table42610[[#This Row],[Act Jan-25]:[Act Dec-25]]) -> #REF! | AJ4: =Table42610[[#This Row],[CF05 C-Hub PF]] -> 0 | AK4: =SUM(Table42610[[#This Row],[Act Jan-25]:[Act Dec-25]]) -> 0 | AL4: =Table42610[[#This Row],[EAC (based on YTD actuals)]]-Table42610[[#This Row],[BAC (CF05 Plan)]] -> 0
A5: Customer specific effort | C5: BM-00110021_002 | E5: Customer integrations | F5: PS-SC/PAC Other Costs | G5: PA-CS | H5: Other cost | I5: assumtption: 10 customer á 80k€ | P5: 0 | Q5: 250000 | R5: =Table42610[[#This Row],[C-Hub PF]] -> 0 | S5: 250000 | T5: 0 | U5: 250000 | Y5: =$AJ5/12 -> 0 | Z5: =$AJ5/12 -> 0 | AA5: =$AJ5/12 -> 0 | AB5: =$AJ5/12 -> 0 | AC5: =$AJ5/12 -> 0 | AD5: =$AJ5/12 -> 0 | AE5: =$AJ5/12 -> 0 | AF5: =$AJ5/12 -> 0 | ... AH5: =$AJ5/12 -> 0 | AI5: =SUMIF(#REF!,"completed",Table42610[[#This Row],[Act Jan-25]:[Act Dec-25]]) -> #REF! | AJ5: =Table42610[[#This Row],[CF05 C-Hub PF]] -> 0 | AK5: =SUM(Table42610[[#This Row],[Act Jan-25]:[Act Dec-25]]) -> 0 | AL5: =Table42610[[#This Row],[EAC (based on YTD actuals)]]-Table42610[[#This Row],[BAC (CF05 Plan)]] -> 0
A6: Cojali Development | C6: BM-00110021_002 | D6: BM-00110021_002_00000005 | E6: MA for vehicle configuration | F6: PS-SC/PAC Other Costs | G6: ETAS | H6: Other cost | I6: Dirk needed for tranfer to PS | J6: 1 | P6: 202500 | Q6: 67500 | R6: 210000 | S6: 67500 | T6: 210000 | U6: 67500 | V6: PO #0087207184, C-Hub Content & Consultation Q1-Q3 2026 | X6: 21953.85 | Y6: 22181.16 | Z6: =$AJ6/9 -> 23333.333 | AA6: =$AJ6/9 -> 23333.333 | AB6: =$AJ6/9 -> 23333.333 | AC6: =$AJ6/9 -> 23333.333 | AD6: =$AJ6/9 -> 23333.333 | AE6: =$AJ6/9 -> 23333.333 | AI6: =SUMIF(#REF!,"completed",Table42610[[#This Row],[Act Jan-25]:[Act Dec-25]]) -> #REF! | AJ6: =Table42610[[#This Row],[CF05 C-Hub PF]] -> 210000 | AK6: =SUM(Table42610[[#This Row],[Act Jan-25]:[Act Dec-25]]) -> 184135.01 | AL6: =Table42610[[#This Row],[EAC (based on YTD actuals)]]-Table42610[[#This Row],[BAC (CF05 Plan)]] -> -25864.99
A7: Cojali Development | C7: BM-00110021_002 | E7: MA for vehicle configuration | F7: PS-SC/PAC Other Costs | G7: ETAS | H7: Manually added cost | V7: For Actual only, do not plan in MCR | W7: 21953.85 | Z7: =$AJ7/12 -> 0 | AA7: =$AJ7/12 -> 0 | AB7: =$AJ7/12 -> 0 | AC7: =$AJ7/12 -> 0 | AD7: =$AJ7/12 -> 0 | AE7: =$AJ7/12 -> 0 | AF7: =$AJ7/12 -> 0 | AG7: =$AJ7/12 -> 0 | AH7: =$AJ7/12 -> 0 | AI7: =SUMIF(#REF!,"completed",Table42610[[#This Row],[Act Jan-25]:[Act Dec-25]]) -> #REF! | AJ7: =Table42610[[#This Row],[CF05 C-Hub PF]] -> 0
A8: Cojali Development | C8: BM-00110021_002 | E8: RM+RD config + Cojali + Pantaris configs | F8: PS-SC/EDS_PS-SC EDS_PS-SC_XPS | G8: Cluj | H8: Personnel cost | I8: NN | J8: 1 | K8: Alkis | L8: 1 | M8: =_xlfn.IFNA(VLOOKUP(Table42610[[#This Row],[Resource group]],#REF!,2,FALSE),"0") -> #REF! | N8: =_xlfn.IFNA(VLOOKUP(Table42610[[#This Row],[Resource group]],#REF!,4,FALSE),"0") -> #REF! | O8: =Table42610[[#This Row],[BP26 FTE (%) - input]]*Table42610[[#This Row],[Total Hrs 2026]]*Table42610[[#This Row],[Rate 2026]] -> #REF! | P8: 78598.667 | Q8: 0 | R8: =Table42610[[#This Row],[CF02 FTE(%) - input]]*Table42610[[#This Row],[Total Hrs 2026]]*Table42610[[#This Row],[Rate 2026]] -> #REF! | T8: 78598.667 | V8: tbd w/ Alin: who is staffed here | Z8: =$AJ8/12 -> 6549.8889 | AA8: =$AJ8/12 -> 6549.8889 | AB8: =$AJ8/12 -> 6549.8889 | AC8: =$AJ8/12 -> 6549.8889 | AD8: =$AJ8/12 -> 6549.8889 | AE8: =$AJ8/12 -> 6549.8889 | AF8: =$AJ8/12 -> 6549.8889 | AG8: =$AJ8/12 -> 6549.8889 | AH8: =$AJ8/12 -> 6549.8889 | AI8: =SUMIF(#REF!,"completed",Table42610[[#This Row],[Act Jan-25]:[Act Dec-25]]) -> #REF! | AJ8: =Table42610[[#This Row],[CF05 C-Hub PF]] -> 78598.667 | AK8: =SUM(Table42610[[#This Row],[Act Jan-25]:[Act Dec-25]]) -> 58949 | AL8: =Table42610[[#This Row],[EAC (based on YTD actuals)]]-Table42610[[#This Row],[BAC (CF05 Plan)]] -> -19649.667
A9: Cojali Development | B9: Service Delivery OPS & Support | C9: BM-00110021_002 | E9: RM+RD config + Cojali + Pantaris configs | F9: MS/ECP-PS-IN_iGPM SW-Services_DP | G9: IN | H9: Personnel cost | I9: Dhingra, Manish | J9: 1 | K9: Ann/Alexander | L9: 1 | M9: =_xlfn.IFNA(VLOOKUP(Table42610[[#This Row],[Resource group]],#REF!,2,FALSE),"0") -> #REF! | N9: =_xlfn.IFNA(VLOOKUP(Table42610[[#This Row],[Resource group]],#REF!,4,FALSE),"0") -> #REF! | O9: =Table42610[[#This Row],[BP26 FTE (%) - input]]*Table42610[[#This Row],[Total Hrs 2026]]*Table42610[[#This Row],[Rate 2026]] -> #REF! | P9: 52462.84 | Q9: 0 | R9: =Table42610[[#This Row],[CF02 FTE(%) - input]]*Table42610[[#This Row],[Total Hrs 2026]]*Table42610[[#This Row],[Rate 2026]] -> #REF! | T9: 52462.84 | W9: 4166.1956 | X9: 4107.1233 | Y9: 4146.7853 | Z9: =$AJ9/12 -> 4371.9033 | AA9: =$AJ9/12 -> 4371.9033 | AB9: =$AJ9/12 -> 4371.9033 | AC9: =$AJ9/12 -> 4371.9033 | AD9: =$AJ9/12 -> 4371.9033 | AE9: =$AJ9/12 -> 4371.9033 | AF9: =$AJ9/12 -> 4371.9033 | AG9: =$AJ9/12 -> 4371.9033 | AH9: =$AJ9/12 -> 4371.9033 | AI9: =SUMIF(#REF!,"completed",Table42610[[#This Row],[Act Jan-25]:[Act Dec-25]]) -> #REF! | AJ9: =Table42610[[#This Row],[CF05 C-Hub PF]] -> 52462.84 | AK9: =SUM(Table42610[[#This Row],[Act Jan-25]:[Act Dec-25]]) -> 51767.234 | AL9: =Table42610[[#This Row],[EAC (based on YTD actuals)]]-Table42610[[#This Row],[BAC (CF05 Plan)]] -> -695.6058
A10: E2E C-Hub System Team | C10: BM-00110021_002 | E10: Data / rev. Eng. and AI | F10: PS-SC/PAC Other Costs | G10: PA-CS | H10: Other cost | I10: (blank) | J10: other cost | P10: 0 | Q10: 0 | R10: =Table42610[[#This Row],[C-Hub PF]] -> 0 | T10: 0 | Y10: =$AJ10/12 -> 0 | Z10: =$AJ10/12 -> 0 | AA10: =$AJ10/12 -> 0 | AB10: =$AJ10/12 -> 0 | AC10: =$AJ10/12 -> 0 | AD10: =$AJ10/12 -> 0 | AE10: =$AJ10/12 -> 0 | AF10: =$AJ10/12 -> 0 | ... AH10: =$AJ10/12 -> 0 | AI10: =SUMIF(#REF!,"completed",Table42610[[#This Row],[Act Jan-25]:[Act Dec-25]]) -> #REF! | AJ10: =Table42610[[#This Row],[CF05 C-Hub PF]] -> 0 | AK10: =SUM(Table42610[[#This Row],[Act Jan-25]:[Act Dec-25]])/COUNTIF(#REF!,"completed")*12 -> #REF! | AL10: =Table42610[[#This Row],[EAC (based on YTD actuals)]]-Table42610[[#This Row],[BAC (CF05 Plan)]] -> #REF!
A11: Other costs | C11: BM-00110021_002 | E11: Series Logistics Concept | F11: PS-SC/PAC Other Costs | G11: M | H11: Other cost | I11: (blank) | J11: other cost | P11: 0 | Q11: 0 | R11: =Table42610[[#This Row],[C-Hub PF]] -> 0 | T11: 0 | Y11: =$AJ11/12 -> 0 | Z11: =$AJ11/12 -> 0 | AA11: =$AJ11/12 -> 0 | AB11: =$AJ11/12 -> 0 | AC11: =$AJ11/12 -> 0 | AD11: =$AJ11/12 -> 0 | AE11: =$AJ11/12 -> 0 | AF11: =$AJ11/12 -> 0 | ... AH11: =$AJ11/12 -> 0 | AI11: =SUMIF(#REF!,"completed",Table42610[[#This Row],[Act Jan-25]:[Act Dec-25]]) -> #REF! | AJ11: =Table42610[[#This Row],[CF05 C-Hub PF]] -> 0 | AK11: =SUM(Table42610[[#This Row],[Act Jan-25]:[Act Dec-25]])/COUNTIF(#REF!,"completed")*12 -> #REF! | AL11: =Table42610[[#This Row],[EAC (based on YTD actuals)]]-Table42610[[#This Row],[BAC (CF05 Plan)]] -> #REF!
A12: NA Activities | B12: NA ENG Team | C12: BM-00110021_002 | E12: NA Team + other cost | F12: PS-SC/EBR-NA SW Eng | G12: PA-CS/NA | H12: Personnel cost | J12: 4 | L12: 2 | M12: =_xlfn.IFNA(VLOOKUP(Table42610[[#This Row],[Resource group]],#REF!,2,FALSE),"0") -> #REF! | N12: =_xlfn.IFNA(VLOOKUP(Table42610[[#This Row],[Resource group]],#REF!,4,FALSE),"0") -> #REF! | O12: =Table42610[[#This Row],[BP26 FTE (%) - input]]*Table42610[[#This Row],[Total Hrs 2026]]*Table42610[[#This Row],[Rate 2026]] -> #REF! | P12: 423141.91 | Q12: 423141.91 | R12: =Table42610[[#This Row],[CF02 FTE(%) - input]]*Table42610[[#This Row],[Total Hrs 2026]]*Table42610[[#This Row],[Rate 2026]] -> #REF! | S12: 423141.91 | T12: 423141.91 | U12: 423141.91 | Z12: =$AJ12/12 -> 35261.826 | AA12: =$AJ12/12 -> 35261.826 | AB12: =$AJ12/12 -> 35261.826 | AC12: =$AJ12/12 -> 35261.826 | AD12: =$AJ12/12 -> 35261.826 | AE12: =$AJ12/12 -> 35261.826 | AF12: =$AJ12/12 -> 35261.826 | AG12: =$AJ12/12 -> 35261.826 | AH12: =$AJ12/12 -> 35261.826 | AI12: =SUMIF(#REF!,"completed",Table42610[[#This Row],[Act Jan-25]:[Act Dec-25]]) -> #REF! | AJ12: =Table42610[[#This Row],[CF05 C-Hub PF]] -> 423141.91 | AK12: =SUM(W12:AH13) -> 423141.93 | AL12: =Table42610[[#This Row],[EAC (based on YTD actuals)]]-Table42610[[#This Row],[BAC (CF05 Plan)]] -> 0.014492754
A13: NA Activities | B13: NA ENG Team | C13: BM-00110021_002 | E13: NA Team + other cost | F13: PS-SC/EBR-NA SW Eng | G13: PA-CS/NA | H13: Manually added cost | W13: 35261.833 | X13: 35261.833 | Y13: 35261.826 | Z13: =$AJ13/12 -> 0 | AA13: =$AJ13/12 -> 0 | AB13: =$AJ13/12 -> 0 | AC13: =$AJ13/12 -> 0 | AD13: =$AJ13/12 -> 0 | AE13: =$AJ13/12 -> 0 | AF13: =$AJ13/12 -> 0 | AG13: =$AJ13/12 -> 0 | AH13: =$AJ13/12 -> 0 | AI13: =SUMIF(#REF!,"completed",Table42610[[#This Row],[Act Jan-25]:[Act Dec-25]]) -> #REF! | AJ13: =Table42610[[#This Row],[CF05 C-Hub PF]] -> 0 | AL13: =Table42610[[#This Row],[EAC (based on YTD actuals)]]-Table42610[[#This Row],[BAC (CF05 Plan)]] -> 0
A14: Cojali Development | C14: BM-00110021_002 | D14: BM-00110021_002_00000008 | E14: VCS SW maintance | F14: PS-SC/PAC Other Costs | G14: VCS | H14: Other cost | I14: (blank) | J14: Walter/Rainer klärt mit Daniel | P14: 370000 | Q14: 0 | R14: =Table42610[[#This Row],[C-Hub PF]] -> 370000 | T14: 370000 | V14: 27-Feb: Lates planning = 222 kEUR | Y14: 37000 | Z14: 18500 | AA14: 18500 | AB14: 18500 | AC14: 18500 | AD14: 18500 | AE14: 18500 | AF14: 18500 | AG14: 18500 | AH14: 18500 | AI14: =SUMIF(#REF!,"completed",Table42610[[#This Row],[Act Jan-25]:[Act Dec-25]]) -> #REF! | AJ14: =Table42610[[#This Row],[CF05 C-Hub PF]] -> 370000 | AK14: =SUM(W14:AH15) -> 222000 | AL14: =Table42610[[#This Row],[EAC (based on YTD actuals)]]-Table42610[[#This Row],[BAC (CF05 Plan)]] -> -148000
A15: Cojali Development | C15: BM-00110021_002 | E15: VCS SW maintance | F15: PS-SC/PAC Other Costs | G15: VCS | H15: Manually added cost | V15: For Actual only, do not plan in MCR | Y15: 18500 | Z15: =$AJ15/12 -> 0 | AA15: =$AJ15/12 -> 0 | AB15: =$AJ15/12 -> 0 | AC15: =$AJ15/12 -> 0 | AD15: =$AJ15/12 -> 0 | AE15: =$AJ15/12 -> 0 | AF15: =$AJ15/12 -> 0 | AG15: =$AJ15/12 -> 0 | AH15: =$AJ15/12 -> 0 | AI15: =SUMIF(#REF!,"completed",Table42610[[#This Row],[Act Jan-25]:[Act Dec-25]]) -> #REF! | AJ15: =Table42610[[#This Row],[CF05 C-Hub PF]] -> 0
A16: E2E C-Hub System Team | B16: Sys-Integration & Testing | C16: BM-00110021_003 | E16: System integration and performing V&V | F16: PS-SC/XPS PS-SC XPS development | G16: PA-CS | H16: Personnel cost | I16: Weiss Patrick (PS-SC/XPS) | J16: 1 | K16: Alkis | L16: 0.5 | M16: =_xlfn.IFNA(VLOOKUP(Table42610[[#This Row],[Resource group]],#REF!,2,FALSE),"0") -> #REF! | N16: =_xlfn.IFNA(VLOOKUP(Table42610[[#This Row],[Resource group]],#REF!,4,FALSE),"0") -> #REF! | O16: =Table42610[[#This Row],[BP26 FTE (%) - input]]*Table42610[[#This Row],[Total Hrs 2026]]*Table42610[[#This Row],[Rate 2026]] -> #REF! | P16: 124588.8 | Q16: 0 | R16: =Table42610[[#This Row],[CF02 FTE(%) - input]]*Table42610[[#This Row],[Total Hrs 2026]]*Table42610[[#This Row],[Rate 2026]] -> #REF! | T16: 124588.8 | Z16: =$AJ16/12 -> 10382.4 | AA16: =$AJ16/12 -> 10382.4 | AB16: =$AJ16/12 -> 10382.4 | AC16: =$AJ16/12 -> 10382.4 | AD16: =$AJ16/12 -> 10382.4 | AE16: =$AJ16/12 -> 10382.4 | AF16: =$AJ16/12 -> 10382.4 | AG16: =$AJ16/12 -> 10382.4 | AH16: =$AJ16/12 -> 10382.4 | AI16: =SUMIF(#REF!,"completed",Table42610[[#This Row],[Act Jan-25]:[Act Dec-25]]) -> #REF! | AJ16: =Table42610[[#This Row],[CF05 C-Hub PF]] -> 124588.8 | AK16: =SUM(Table42610[[#This Row],[Act Jan-25]:[Act Dec-25]]) -> 93441.6 | AL16: =Table42610[[#This Row],[EAC (based on YTD actuals)]]-Table42610[[#This Row],[BAC (CF05 Plan)]] -> -31147.2
A17: PjM, Biz Dev, service mng | B17: Service Delivery OPS & Support | C17: BM-00110021_002 | E17: Operations L1/L2 Incident/Problem/Monitoring | F17: PS-SC/EDS_PS-SC EDS_PS-SC_XPS | G17: Cluj | H17: Personnel cost | I17: Sorina (support) + Bianca + Maria (200%) | J17: 2 | K17: Ann | L17: 1.5 | M17: =_xlfn.IFNA(VLOOKUP(Table42610[[#This Row],[Resource group]],#REF!,2,FALSE),"0") -> #REF! | N17: =_xlfn.IFNA(VLOOKUP(Table42610[[#This Row],[Resource group]],#REF!,4,FALSE),"0") -> #REF! | O17: =Table42610[[#This Row],[BP26 FTE (%) - input]]*Table42610[[#This Row],[Total Hrs 2026]]*Table42610[[#This Row],[Rate 2026]] -> #REF! | P17: 117898 | Q17: 78598.667 | R17: =Table42610[[#This Row],[CF02 FTE(%) - input]]*Table42610[[#This Row],[Total Hrs 2026]]*Table42610[[#This Row],[Rate 2026]] -> #REF! | S17: =Table42610[[#This Row],[CF02 C-Hub PF]]/3*2 -> #REF! | T17: 117898 | U17: 78598.667 | V17: tbd w/ Alin: is that working out | W17: 6137.136 | X17: 14303.653 | Y17: 6939.0464 | Z17: =$AJ17/12 -> 9824.8333 | AA17: =$AJ17/12 -> 9824.8333 | AB17: =$AJ17/12 -> 9824.8333 | AC17: =$AJ17/12 -> 9824.8333 | AD17: =$AJ17/12 -> 9824.8333 | AE17: =$AJ17/12 -> 9824.8333 | AF17: =$AJ17/12 -> 9824.8333 | AG17: =$AJ17/12 -> 9824.8333 | AH17: =$AJ17/12 -> 9824.8333 | AI17: =SUMIF(#REF!,"completed",Table42610[[#This Row],[Act Jan-25]:[Act Dec-25]]) -> #REF! | AJ17: =Table42610[[#This Row],[CF05 C-Hub PF]] -> 117898 | AK17: =SUM(Table42610[[#This Row],[Act Jan-25]:[Act Dec-25]]) -> 115803.34 | AL17: =Table42610[[#This Row],[EAC (based on YTD actuals)]]-Table42610[[#This Row],[BAC (CF05 Plan)]] -> -2094.6645
A18: PjM, Biz Dev, service mng | B18: Service Delivery OPS & Support | C18: BM-00110021_002 | E18: Service Management | F18: PS-SC/ETX | G18: Cluj | H18: Personnel cost | I18: Lausch, Ann Kathrin / Cluj PS-SC/ETX | J18: 1 | K18: Rainer | L18: 1 | M18: =_xlfn.IFNA(VLOOKUP(Table42610[[#This Row],[Resource group]],#REF!,2,FALSE),"0") -> #REF! | N18: =_xlfn.IFNA(VLOOKUP(Table42610[[#This Row],[Resource group]],#REF!,4,FALSE),"0") -> #REF! | O18: =Table42610[[#This Row],[BP26 FTE (%) - input]]*Table42610[[#This Row],[Total Hrs 2026]]*Table42610[[#This Row],[Rate 2026]] -> #REF! | P18: 81435.784 | Q18: 0 | R18: =Table42610[[#This Row],[CF02 FTE(%) - input]]*Table42610[[#This Row],[Total Hrs 2026]]*Table42610[[#This Row],[Rate 2026]] -> #REF! | T18: 81435.784 | W18: 7684.7616 | X18: 8165.8915 | Y18: =$AJ18/12 -> 6786.3154 | Z18: =$AJ18/12 -> 6786.3154 | AA18: =$AJ18/12 -> 6786.3154 | AB18: =$AJ18/12 -> 6786.3154 | AC18: =$AJ18/12 -> 6786.3154 | AD18: =$AJ18/12 -> 6786.3154 | AE18: =$AJ18/12 -> 6786.3154 | AF18: =$AJ18/12 -> 6786.3154 | ... AH18: =$AJ18/12 -> 6786.3154 | AI18: =SUMIF(#REF!,"completed",Table42610[[#This Row],[Act Jan-25]:[Act Dec-25]]) -> #REF! | AJ18: =Table42610[[#This Row],[CF05 C-Hub PF]] -> 81435.784 | AK18: =SUM(Table42610[[#This Row],[Act Jan-25]:[Act Dec-25]]) -> 83713.807 | AL18: =Table42610[[#This Row],[EAC (based on YTD actuals)]]-Table42610[[#This Row],[BAC (CF05 Plan)]] -> 2278.0224
A19: OPS Team EU (VI) | C19: BM-00110021_002 | D19: BM-00110021_002_00000009 | E19: Service Operation EU - VI | F19: PS-SC/PAC Other Costs | G19: Operation | H19: Other cost? | J19: to be aligned with Gernot | P19: 50000 | Q19: 75000 | R19: 25000 | S19: 100000 | T19: 25000 | U19: 100000 | Z19: =$AJ19/12 -> 2083.3333 | AA19: =$AJ19/12 -> 2083.3333 | AB19: =$AJ19/12 -> 2083.3333 | AC19: =$AJ19/12 -> 2083.3333 | AD19: =$AJ19/12 -> 2083.3333 | AE19: =$AJ19/12 -> 2083.3333 | AF19: =$AJ19/12 -> 2083.3333 | AG19: =$AJ19/12 -> 2083.3333 | AH19: =$AJ19/12 -> 2083.3333 | AI19: =SUMIF(#REF!,"completed",Table42610[[#This Row],[Act Jan-25]:[Act Dec-25]]) -> #REF! | AJ19: =Table42610[[#This Row],[CF05 C-Hub PF]] -> 25000 | AK19: =SUM(Table42610[[#This Row],[Act Jan-25]:[Act Dec-25]]) -> 18750 | AL19: =Table42610[[#This Row],[EAC (based on YTD actuals)]]-Table42610[[#This Row],[BAC (CF05 Plan)]] -> -6250
A20: OPS Team NA (VI) | C20: BM-00110021_002 | D20: BM-00110021_002_00000010 | E20: Service Operation NA - VI | F20: PS-SC/PAC Other Costs | G20: Operation | H20: Other cost? | J20: to be aligned with Gernot | P20: 50000 | Q20: 75000 | R20: 25000 | S20: 100000 | T20: 25000 | U20: 100000 | Z20: =$AJ20/12 -> 2083.3333 | AA20: =$AJ20/12 -> 2083.3333 | AB20: =$AJ20/12 -> 2083.3333 | AC20: =$AJ20/12 -> 2083.3333 | AD20: =$AJ20/12 -> 2083.3333 | AE20: =$AJ20/12 -> 2083.3333 | AF20: =$AJ20/12 -> 2083.3333 | AG20: =$AJ20/12 -> 2083.3333 | AH20: =$AJ20/12 -> 2083.3333 | AI20: =SUMIF(#REF!,"completed",Table42610[[#This Row],[Act Jan-25]:[Act Dec-25]]) -> #REF! | AJ20: =Table42610[[#This Row],[CF05 C-Hub PF]] -> 25000 | AK20: =SUM(Table42610[[#This Row],[Act Jan-25]:[Act Dec-25]]) -> 18750 | AL20: =Table42610[[#This Row],[EAC (based on YTD actuals)]]-Table42610[[#This Row],[BAC (CF05 Plan)]] -> -6250
A21: PjM, Biz Dev, service mng | B21: Partner Management | C21: BM-00110021_003 | E21: Partner Manager | F21: PS-SC/PAC PAC1 | G21: PA-CS | H21: Personnel cost | I21: Hornung, Floyd? | J21: 1 | L21: 0.2 | M21: =_xlfn.IFNA(VLOOKUP(Table42610[[#This Row],[Resource group]],#REF!,2,FALSE),"0") -> #REF! | N21: =_xlfn.IFNA(VLOOKUP(Table42610[[#This Row],[Resource group]],#REF!,4,FALSE),"0") -> #REF! | O21: =Table42610[[#This Row],[BP26 FTE (%) - input]]*Table42610[[#This Row],[Total Hrs 2026]]*Table42610[[#This Row],[Rate 2026]] -> #REF! | P21: 42144.3 | Q21: 63216.45 | R21: 0 | T21: 0 | Z21: =$AJ21/12 -> 0 | AA21: =$AJ21/12 -> 0 | AB21: =$AJ21/12 -> 0 | AC21: =$AJ21/12 -> 0 | AD21: =$AJ21/12 -> 0 | AE21: =$AJ21/12 -> 0 | AF21: =$AJ21/12 -> 0 | AG21: =$AJ21/12 -> 0 | AH21: =$AJ21/12 -> 0 | AI21: =SUMIF(#REF!,"completed",Table42610[[#This Row],[Act Jan-25]:[Act Dec-25]]) -> #REF! | AJ21: =Table42610[[#This Row],[CF05 C-Hub PF]] -> 0 | AK21: =SUM(Table42610[[#This Row],[Act Jan-25]:[Act Dec-25]])/COUNTIF(#REF!,"completed")*12 -> #REF! | AL21: =Table42610[[#This Row],[EAC (based on YTD actuals)]]-Table42610[[#This Row],[BAC (CF05 Plan)]] -> #REF!
A22: PjM, Biz Dev, service mng | B22: Partner Management | C22: BM-00110021_002 | E22: Partner Manager | F22: PS-SC/ETX | G22: Cluj | H22: Personnel cost | I22: Ciolte Natalia Liliana (PS-SC/ETX1) | K22: Rainer | L22: 0.5 | M22: =_xlfn.IFNA(VLOOKUP(Table42610[[#This Row],[Resource group]],#REF!,2,FALSE),"0") -> #REF! | N22: =_xlfn.IFNA(VLOOKUP(Table42610[[#This Row],[Resource group]],#REF!,4,FALSE),"0") -> #REF! | O22: =Table42610[[#This Row],[BP26 FTE (%) - input]]*Table42610[[#This Row],[Total Hrs 2026]]*Table42610[[#This Row],[Rate 2026]] -> #REF! | R22: =Table42610[[#This Row],[CF02 FTE(%) - input]]*Table42610[[#This Row],[Total Hrs 2026]]*Table42610[[#This Row],[Rate 2026]] -> #REF! | S22: =Table42610[[#This Row],[CF02 C-Hub PF]] -> #REF! | T22: 40717.892 | U22: 40717.892 | W22: 3201.984 | X22: 4056.2598 | Y22: 4590.4461 | Z22: =$AJ22/12 -> 3393.1577 | AA22: =$AJ22/12 -> 3393.1577 | AB22: =$AJ22/12 -> 3393.1577 | AC22: =$AJ22/12 -> 3393.1577 | AD22: =$AJ22/12 -> 3393.1577 | AE22: =$AJ22/12 -> 3393.1577 | AF22: =$AJ22/12 -> 3393.1577 | AG22: =$AJ22/12 -> 3393.1577 | AH22: =$AJ22/12 -> 3393.1577 | AI22: =SUMIF(#REF!,"completed",Table42610[[#This Row],[Act Jan-25]:[Act Dec-25]]) -> #REF! | AJ22: =Table42610[[#This Row],[CF05 C-Hub PF]] -> 40717.892 | AK22: =SUM(Table42610[[#This Row],[Act Jan-25]:[Act Dec-25]]) -> 42387.109 | AL22: =Table42610[[#This Row],[EAC (based on YTD actuals)]]-Table42610[[#This Row],[BAC (CF05 Plan)]] -> 1669.2169
A23: Cojali Development | B23: Supporting Functions | C23: BM-00110021_002 | E23: EPQ | F23: MS/ECP-PS-IN_iGPM SW-Services_DP | G23: IN | H23: Personnel cost | I23: Lakshmi, Ramakrishnan | J23: 0.35 | L23: 0.5 | M23: =_xlfn.IFNA(VLOOKUP(Table42610[[#This Row],[Resource group]],#REF!,2,FALSE),"0") -> #REF! | N23: =_xlfn.IFNA(VLOOKUP(Table42610[[#This Row],[Resource group]],#REF!,4,FALSE),"0") -> #REF! | O23: =Table42610[[#This Row],[BP26 FTE (%) - input]]*Table42610[[#This Row],[Total Hrs 2026]]*Table42610[[#This Row],[Rate 2026]] -> #REF! | P23: 18361.994 | Q23: 0 | R23: =Table42610[[#This Row],[CF02 FTE(%) - input]]*Table42610[[#This Row],[Total Hrs 2026]]*Table42610[[#This Row],[Rate 2026]] -> #REF! | T23: 26231.42 | W23: 1602.3829 | X23: 1842.9399 | Y23: 1860.737 | Z23: =$AJ23/12 -> 2185.9517 | AA23: =$AJ23/12 -> 2185.9517 | AB23: =$AJ23/12 -> 2185.9517 | AC23: =$AJ23/12 -> 2185.9517 | AD23: =$AJ23/12 -> 2185.9517 | AE23: =$AJ23/12 -> 2185.9517 | AF23: =$AJ23/12 -> 2185.9517 | AG23: =$AJ23/12 -> 2185.9517 | AH23: =$AJ23/12 -> 2185.9517 | AI23: =SUMIF(#REF!,"completed",Table42610[[#This Row],[Act Jan-25]:[Act Dec-25]]) -> #REF! | AJ23: =Table42610[[#This Row],[CF05 C-Hub PF]] -> 26231.42 | AK23: =SUM(Table42610[[#This Row],[Act Jan-25]:[Act Dec-25]]) -> 24979.625 | AL23: =Table42610[[#This Row],[EAC (based on YTD actuals)]]-Table42610[[#This Row],[BAC (CF05 Plan)]] -> -1251.7951
A24: Cojali Development | B24: Supporting Functions | C24: BM-00110021_002 | E24: Security Manager | F24: PS-SC/EDS_PS-SC EDS_PS-SC_XPS | G24: IN | H24: Personnel cost | I24: Covasa Szilard Fineas (PS-SC/EDS1) | J24: 0.25 | K24: Lakshmi | L24: 0.25 | M24: =_xlfn.IFNA(VLOOKUP(Table42610[[#This Row],[Resource group]],#REF!,2,FALSE),"0") -> #REF! | N24: =_xlfn.IFNA(VLOOKUP(Table42610[[#This Row],[Resource group]],#REF!,4,FALSE),"0") -> #REF! | O24: =Table42610[[#This Row],[BP26 FTE (%) - input]]*Table42610[[#This Row],[Total Hrs 2026]]*Table42610[[#This Row],[Rate 2026]] -> #REF! | P24: 19649.667 | Q24: 0 | R24: =Table42610[[#This Row],[CF02 FTE(%) - input]]*Table42610[[#This Row],[Total Hrs 2026]]*Table42610[[#This Row],[Rate 2026]] -> #REF! | T24: 19649.667 | W24: 1387.5264 | X24: 7472.0576 | Y24: 5871.5008 | Z24: =$AJ24/12 -> 1637.4722 | AA24: =$AJ24/12 -> 1637.4722 | AB24: =$AJ24/12 -> 1637.4722 | AC24: =$AJ24/12 -> 1637.4722 | AD24: =$AJ24/12 -> 1637.4722 | AE24: =$AJ24/12 -> 1637.4722 | AF24: =$AJ24/12 -> 1637.4722 | AG24: =$AJ24/12 -> 1637.4722 | AH24: =$AJ24/12 -> 1637.4722 | AI24: =SUMIF(#REF!,"completed",Table42610[[#This Row],[Act Jan-25]:[Act Dec-25]]) -> #REF! | AJ24: =Table42610[[#This Row],[CF05 C-Hub PF]] -> 19649.667 | AK24: =SUM(Table42610[[#This Row],[Act Jan-25]:[Act Dec-25]]) -> 29468.335 | AL24: =Table42610[[#This Row],[EAC (based on YTD actuals)]]-Table42610[[#This Row],[BAC (CF05 Plan)]] -> 9818.6681
A25: Cojali Development | B25: Supporting Functions | C25: BM-00110021_002 | E25: Support BGSW (Arun) | F25: MS/END-IN_iGPM Mechanical_Design_Services_W/O_CAD_SW_PS_Sensors | G25: IN | H25: Personnel cost | I25: Palanisamy, Babu | J25: 0.5 | L25: 0.5 | M25: =_xlfn.IFNA(VLOOKUP(Table42610[[#This Row],[Resource group]],#REF!,2,FALSE),"0") -> #REF! | N25: =_xlfn.IFNA(VLOOKUP(Table42610[[#This Row],[Resource group]],#REF!,4,FALSE),"0") -> #REF! | O25: =Table42610[[#This Row],[BP26 FTE (%) - input]]*Table42610[[#This Row],[Total Hrs 2026]]*Table42610[[#This Row],[Rate 2026]] -> #REF! | P25: 19721.52 | Q25: 0 | R25: =Table42610[[#This Row],[CF02 FTE(%) - input]]*Table42610[[#This Row],[Total Hrs 2026]]*Table42610[[#This Row],[Rate 2026]] -> #REF! | T25: 19721.52 | W25: 1574.6042 | X25: 1552.2779 | Y25: 1567.2681 | Z25: =$AJ25/12 -> 1643.46 | AA25: =$AJ25/12 -> 1643.46 | AB25: =$AJ25/12 -> 1643.46 | AC25: =$AJ25/12 -> 1643.46 | AD25: =$AJ25/12 -> 1643.46 | AE25: =$AJ25/12 -> 1643.46 | AF25: =$AJ25/12 -> 1643.46 | AG25: =$AJ25/12 -> 1643.46 | AH25: =$AJ25/12 -> 1643.46 | AI25: =SUMIF(#REF!,"completed",Table42610[[#This Row],[Act Jan-25]:[Act Dec-25]]) -> #REF! | AJ25: =Table42610[[#This Row],[CF05 C-Hub PF]] -> 19721.52 | AK25: =SUM(Table42610[[#This Row],[Act Jan-25]:[Act Dec-25]]) -> 19485.29 | AL25: =Table42610[[#This Row],[EAC (based on YTD actuals)]]-Table42610[[#This Row],[BAC (CF05 Plan)]] -> -236.22972
A26: E2E C-Hub System Team | B26: Sys-Integration & Testing | C26: BM-00110021_002 | D26: BM-00110021_002_00000011 | E26: BD Support (Technical Documentation) | F26: PS-SC/PAC Other Costs | G26: BD | H26: Other cost | I26: Marianne | J26: same as 2025 | P26: 87000 | Q26: 0 | R26: =Table42610[[#This Row],[C-Hub PF]] -> 87000 | T26: 0 | V26: CF05: BD costs aggregated to BM-00110021_002_00000012 | Y26: =$AJ26/12 -> 0 | Z26: =$AJ26/12 -> 0 | AA26: =$AJ26/12 -> 0 | AB26: =$AJ26/12 -> 0 | AC26: =$AJ26/12 -> 0 | AD26: =$AJ26/12 -> 0 | AE26: =$AJ26/12 -> 0 | AF26: =$AJ26/12 -> 0 | ... AH26: =$AJ26/12 -> 0 | AI26: =SUMIF(#REF!,"completed",Table42610[[#This Row],[Act Jan-25]:[Act Dec-25]]) -> #REF! | AJ26: =Table42610[[#This Row],[CF05 C-Hub PF]] -> 0 | AK26: =SUM(W26:AH27) -> 0 | AL26: =Table42610[[#This Row],[EAC (based on YTD actuals)]]-Table42610[[#This Row],[BAC (CF05 Plan)]] -> 0
A27: E2E C-Hub System Team | B27: Sys-Integration & Testing | C27: BM-00110021_002 | E27: BD Support (Technical Documentation) | F27: PS-SC/PAC Other Costs | G27: BD | H27: Manually added cost | V27: For Actual only, do not plan in MCR | Y27: =$AJ27/12 -> 0 | Z27: =$AJ27/12 -> 0 | AA27: =$AJ27/12 -> 0 | AB27: =$AJ27/12 -> 0 | AC27: =$AJ27/12 -> 0 | AD27: =$AJ27/12 -> 0 | AE27: =$AJ27/12 -> 0 | AF27: =$AJ27/12 -> 0 | ... AH27: =$AJ27/12 -> 0 | AI27: =SUMIF(#REF!,"completed",Table42610[[#This Row],[Act Jan-25]:[Act Dec-25]]) -> #REF! | AJ27: =Table42610[[#This Row],[CF05 C-Hub PF]] -> 0
A28: E2E C-Hub System Team | B28: Sys-Integration & Testing | C28: BM-00110021_003 | E28: Product development lead | F28: PS-CV/EES System Engineer EES (ex CVO/ENP) | G28: CV | H28: Personnel cost | I28: Hodzic, Alkis -> Transfer Alkis to PS-S -> C reduces costs | J28: 1 | L28: 1 | M28: =_xlfn.IFNA(VLOOKUP(Table42610[[#This Row],[Resource group]],#REF!,2,FALSE),"0") -> #REF! | N28: =_xlfn.IFNA(VLOOKUP(Table42610[[#This Row],[Resource group]],#REF!,4,FALSE),"0") -> #REF! | O28: =Table42610[[#This Row],[BP26 FTE (%) - input]]*Table42610[[#This Row],[Total Hrs 2026]]*Table42610[[#This Row],[Rate 2026]] -> #REF! | P28: 226865.1 | Q28: 0 | R28: =Table42610[[#This Row],[CF02 FTE(%) - input]]*Table42610[[#This Row],[Total Hrs 2026]]*Table42610[[#This Row],[Rate 2026]] -> #REF! | T28: 226865.1 | W28: 14975.622 | X28: 23139.679 | Y28: 21045 | Z28: =$AJ28/12 -> 18905.425 | AA28: =$AJ28/12 -> 18905.425 | AB28: =$AJ28/12 -> 18905.425 | AC28: =$AJ28/12 -> 18905.425 | AD28: =$AJ28/12 -> 18905.425 | AE28: =$AJ28/12 -> 18905.425 | AF28: =$AJ28/12 -> 18905.425 | AG28: =$AJ28/12 -> 18905.425 | AH28: =$AJ28/12 -> 18905.425 | AI28: =SUMIF(#REF!,"completed",Table42610[[#This Row],[Act Jan-25]:[Act Dec-25]]) -> #REF! | AJ28: =Table42610[[#This Row],[CF05 C-Hub PF]] -> 226865.1 | AK28: =SUM(Table42610[[#This Row],[Act Jan-25]:[Act Dec-25]]) -> 229309.13 | AL28: =Table42610[[#This Row],[EAC (based on YTD actuals)]]-Table42610[[#This Row],[BAC (CF05 Plan)]] -> 2444.026
A29: PjM, Biz Dev, service mng | C29: BM-00110021_002 | D29: BM-00110021_002_00000012 | E29: BD Support (PjM and Controlling) | F29: PS-SC/PAC Other Costs | G29: BD | H29: Other cost | I29: Rainer, Stan | J29: other cost | P29: 355125 | Q29: 0 | R29: =Table42610[[#This Row],[C-Hub PF]] -> 355125 | T29: 578153.67 | V29: CF05: BD costs aggregated to BM-00110021_002_00000012 | Y29: 183000 | Z29: =$AJ29/12 -> 48179.473 | AA29: =$AJ29/12 -> 48179.473 | AB29: =$AJ29/12 -> 48179.473 | AC29: =$AJ29/12 -> 48179.473 | AD29: =$AJ29/12 -> 48179.473 | AE29: =$AJ29/12 -> 48179.473 | AF29: =$AJ29/12 -> 48179.473 | AG29: =$AJ29/12 -> 48179.473 | AH29: =$AJ29/12-38462 -> 9717.4727 | AI29: =SUMIF(#REF!,"completed",Table42610[[#This Row],[Act Jan-25]:[Act Dec-25]]) -> #REF! | AJ29: =Table42610[[#This Row],[CF05 C-Hub PF]] -> 578153.67 | AK29: =SUM(W29:AH30) -> 578153.25 | AL29: =Table42610[[#This Row],[EAC (based on YTD actuals)]]-Table42610[[#This Row],[BAC (CF05 Plan)]] -> -0.418
A30: PjM, Biz Dev, service mng | C30: BM-00110021_002 | E30: BD Support (PjM and Controlling) | F30: PS-SC/PAC Other Costs | G30: BD | H30: Manually added cost | V30: For Actual only, do not plan in MCR | Y30: =$AJ30/12 -> 0 | Z30: =$AJ30/12 -> 0 | AA30: =$AJ30/12 -> 0 | AB30: =$AJ30/12 -> 0 | AC30: =$AJ30/12 -> 0 | AD30: =$AJ30/12 -> 0 | AE30: =$AJ30/12 -> 0 | AF30: =$AJ30/12 -> 0 | ... AH30: =$AJ30/12 -> 0 | AI30: =SUMIF(#REF!,"completed",Table42610[[#This Row],[Act Jan-25]:[Act Dec-25]]) -> #REF! | AJ30: =Table42610[[#This Row],[CF05 C-Hub PF]] -> 0
A31: XC-CP | B31: HW & BSW | C31: BM-00110021_004 | E31: C-Hub XC Series Care_004 | F31: Various XC | G31: XC | H31: Other cost | I31: Multiple | P31: 940241.92 | Q31: 0 | R31: 1052369.3 | T31: 1095000 | V31: CF05: ~ 43k€ increase (from 1052 to 1095 k€), input Can Oezcan | W31: 51609.372 | X31: 52372.822 | Y31: 50179.835 | Z31: =$AJ31/12 -> 91250 | AA31: =$AJ31/12 -> 91250 | AB31: =$AJ31/12 -> 91250 | AC31: =$AJ31/12 -> 91250 | AD31: =$AJ31/12 -> 91250 | AE31: =$AJ31/12 -> 91250 | AF31: =$AJ31/12 -> 91250 | AG31: =$AJ31/12 -> 91250 | AH31: =$AJ31/12 -> 91250 | AI31: =SUMIF(#REF!,"completed",Table42610[[#This Row],[Act Jan-25]:[Act Dec-25]]) -> #REF! | AJ31: =Table42610[[#This Row],[CF05 C-Hub PF]] -> 1095000 | AK31: =SUM(Table42610[[#This Row],[Act Jan-25]:[Act Dec-25]]) -> 975412.03 | AL31: =Table42610[[#This Row],[EAC (based on YTD actuals)]]-Table42610[[#This Row],[BAC (CF05 Plan)]] -> -119587.97
A32: XC-CP | B32: HW & BSW | C32: BM-00110021_005 | E32: C-Hub XC Series Care_005 | F32: Various XC | G32: XC | H32: Other cost | I32: Multiple | P32: 711127 | Q32: 0 | R32: 597620.65 | T32: 611000 | V32: CF05: ~13 k€ increase (from 598 to 611 k€), input Can Oezcan | W32: 35381.831 | X32: 39735.227 | Y32: 36237.213 | Z32: =$AJ32/12 -> 50916.667 | AA32: =$AJ32/12 -> 50916.667 | AB32: =$AJ32/12 -> 50916.667 | AC32: =$AJ32/12 -> 50916.667 | AD32: =$AJ32/12 -> 50916.667 | AE32: =$AJ32/12 -> 50916.667 | AF32: =$AJ32/12 -> 50916.667 | AG32: =$AJ32/12 -> 50916.667 | AH32: =$AJ32/12 -> 50916.667 | AI32: =SUMIF(#REF!,"completed",Table42610[[#This Row],[Act Jan-25]:[Act Dec-25]]) -> #REF! | AJ32: =Table42610[[#This Row],[CF05 C-Hub PF]] -> 611000 | AK32: =SUM(Table42610[[#This Row],[Act Jan-25]:[Act Dec-25]]) -> 569604.27 | AL32: =Table42610[[#This Row],[EAC (based on YTD actuals)]]-Table42610[[#This Row],[BAC (CF05 Plan)]] -> -41395.729
A33: XC-CP | B33: HW & BSW | C33: BM-00110021_004 | E33: C-Hub XC New Features | F33: Various XC | G33: XC | H33: Other cost | I33: Multiple | P33: 0 | Q33: 286993.92 | R33: =Table42610[[#This Row],[C-Hub PF]] -> 0 | S33: 286994 | T33: 0 | U33: 343003.95 | V33: CF05: Increased due to XC Stretch target increase | Y33: =$AJ33/12 -> 0 | Z33: =$AJ33/12 -> 0 | AA33: =$AJ33/12 -> 0 | AB33: =$AJ33/12 -> 0 | AC33: =$AJ33/12 -> 0 | AD33: =$AJ33/12 -> 0 | AE33: =$AJ33/12 -> 0 | AF33: =$AJ33/12 -> 0 | ... AH33: =$AJ33/12 -> 0 | AI33: =SUMIF(#REF!,"completed",Table42610[[#This Row],[Act Jan-25]:[Act Dec-25]]) -> #REF! | AJ33: =Table42610[[#This Row],[CF05 C-Hub PF]] -> 0 | AK33: =SUM(Table42610[[#This Row],[Act Jan-25]:[Act Dec-25]]) -> 0 | AL33: =Table42610[[#This Row],[EAC (based on YTD actuals)]]-Table42610[[#This Row],[BAC (CF05 Plan)]] -> 0
A34: XC-CP | B34: HW & BSW | C34: BM-00110021_005 | E34: C-Hub XC New Features | F34: Various XC | G34: XC | H34: Other cost | I34: Multiple | P34: 0 | Q34: 0 | R34: =Table42610[[#This Row],[C-Hub PF]] -> 0 | T34: 0 | Y34: =$AJ34/12 -> 0 | Z34: =$AJ34/12 -> 0 | AA34: =$AJ34/12 -> 0 | AB34: =$AJ34/12 -> 0 | AC34: =$AJ34/12 -> 0 | AD34: =$AJ34/12 -> 0 | AE34: =$AJ34/12 -> 0 | AF34: =$AJ34/12 -> 0 | ... AH34: =$AJ34/12 -> 0 | AI34: =SUMIF(#REF!,"completed",Table42610[[#This Row],[Act Jan-25]:[Act Dec-25]]) -> #REF! | AJ34: =Table42610[[#This Row],[CF05 C-Hub PF]] -> 0 | AK34: =SUM(Table42610[[#This Row],[Act Jan-25]:[Act Dec-25]]) -> 0 | AL34: =Table42610[[#This Row],[EAC (based on YTD actuals)]]-Table42610[[#This Row],[BAC (CF05 Plan)]] -> 0
A35: Cojali Development | C35: BM-00110021_002 | D35: BM-00110021_002_00000013 | E35: CVIT Partner Manager | F35: PS-SC/PAC Other Costs | G35: Bari | H35: Other cost | I35: (blank) | J35: 1 | P35: 98689.339 | R35: =Table42610[[#This Row],[C-Hub PF]] -> 98689.339 | T35: 98689.339 | Z35: =$AJ35/12 -> 8224.1116 | AA35: =$AJ35/12 -> 8224.1116 | AB35: =$AJ35/12 -> 8224.1116 | AC35: =$AJ35/12 -> 8224.1116 | AD35: =$AJ35/12 -> 8224.1116 | AE35: =$AJ35/12 -> 8224.1116 | AF35: =$AJ35/12 -> 8224.1116 | AG35: =$AJ35/12 -> 8224.1116 | AH35: =$AJ35/12 -> 8224.1116 | AI35: =SUMIF(#REF!,"completed",Table42610[[#This Row],[Act Jan-25]:[Act Dec-25]]) -> #REF! | AJ35: =Table42610[[#This Row],[CF05 C-Hub PF]] -> 98689.339 | AK35: =SUM(W35:AH36) -> 98689.339 | AL35: =Table42610[[#This Row],[EAC (based on YTD actuals)]]-Table42610[[#This Row],[BAC (CF05 Plan)]] -> 0
A36: Cojali Development | C36: BM-00110021_002 | E36: CVIT Partner Manager | F36: PS-SC/PAC Other Costs | H36: Manually added cost | V36: For Actual only, do not plan in MCR | W36: 8224.1116 | X36: 8224.1116 | Y36: 8224.1116 | Z36: =$AJ36/12 -> 0 | AA36: =$AJ36/12 -> 0 | AB36: =$AJ36/12 -> 0 | AC36: =$AJ36/12 -> 0 | AD36: =$AJ36/12 -> 0 | AE36: =$AJ36/12 -> 0 | AF36: =$AJ36/12 -> 0 | AG36: =$AJ36/12 -> 0 | AH36: =$AJ36/12 -> 0 | AI36: =SUMIF(#REF!,"completed",Table42610[[#This Row],[Act Jan-25]:[Act Dec-25]]) -> #REF! | AJ36: =Table42610[[#This Row],[CF05 C-Hub PF]] -> 0 | AL36: =Table42610[[#This Row],[EAC (based on YTD actuals)]]-Table42610[[#This Row],[BAC (CF05 Plan)]] -> 0
A37: Cojali Development | C37: BM-00110021_002 | D37: BM-00110021_002_00000014 | E37: ETAS-MSS Cojali | F37: PS-SC/PAC Other Costs | G37: ETAS | H37: Other cost | I37: (blank) | P37: 80000 | Q37: 70000 | R37: 150000 | S37: 113000 | T37: 150000 | U37: 113000 | V37: Cojali Series Integration: PO 0087209779-Q1; PO 0087211879-Q2 | X37: 71813 | Y37: 68872 | AI37: =SUMIF(#REF!,"completed",Table42610[[#This Row],[Act Jan-25]:[Act Dec-25]]) -> #REF! | AJ37: =Table42610[[#This Row],[CF05 C-Hub PF]] -> 150000 | AK37: =SUM(W37:AH38) -> 277605 | AL37: =Table42610[[#This Row],[EAC (based on YTD actuals)]]-Table42610[[#This Row],[BAC (CF05 Plan)]] -> 127605 | AM37: fa
A38: Cojali Development | C38: BM-00110021_002 | E38: ETAS-MSS Cojali | F38: PS-SC/PAC Other Costs | G38: ETAS | H38: Manually added cost | V38: For Actual only, do not plan in MCR | Y38: 9315 | Z38: =127605/3 -> 42535 | AA38: =127605/3 -> 42535 | AB38: =127605/3 -> 42535 | AC38: =$AJ38/12 -> 0 | AD38: =$AJ38/12 -> 0 | AE38: =$AJ38/12 -> 0 | AF38: =$AJ38/12 -> 0 | AG38: =$AJ38/12 -> 0 | AH38: =$AJ38/12 -> 0 | AI38: =SUMIF(#REF!,"completed",Table42610[[#This Row],[Act Jan-25]:[Act Dec-25]]) -> #REF! | AJ38: =Table42610[[#This Row],[CF05 C-Hub PF]] -> 0
A39: Cojali Development | C39: BM-00110021_002 | D39: BM-00110021_002_00000015 | E39: R&D at Cojali | F39: PS-SC/PAC Other Costs | G39: Operation | H39: Other cost | I39: (blank) | J39: other cost | P39: 90000 | Q39: 270000 | R39: 60000 | S39: 300000 | T39: 60000 | U39: 300000 | Y39: =$AJ39/12 -> 5000 | Z39: =$AJ39/12 -> 5000 | AA39: =$AJ39/12 -> 5000 | AB39: =$AJ39/12 -> 5000 | AC39: =$AJ39/12 -> 5000 | AD39: =$AJ39/12 -> 5000 | AE39: =$AJ39/12 -> 5000 | AF39: =$AJ39/12 -> 5000 | ... AH39: =$AJ39/12 -> 5000 | AI39: =SUMIF(#REF!,"completed",Table42610[[#This Row],[Act Jan-25]:[Act Dec-25]]) -> #REF! | AJ39: =Table42610[[#This Row],[CF05 C-Hub PF]] -> 60000 | AK39: =SUM(Table42610[[#This Row],[Act Jan-25]:[Act Dec-25]]) -> 50000 | AL39: =Table42610[[#This Row],[EAC (based on YTD actuals)]]-Table42610[[#This Row],[BAC (CF05 Plan)]] -> -10000
A40: Cojali Development | B40: Premium Multi-Brand Data | C40: BM-00110021_002 | D40: BM-00110021_002_00000016 | E40: PO for Cojali | F40: PS-SC/PAC Other Costs | G40: VCS | H40: Other cost | I40: Scholz, Sebastian | K40: Target resp. | P40: 180000 | Q40: 0 | R40: =Table42610[[#This Row],[C-Hub PF]] -> 180000 | T40: 180000 | V40: 27-Feb: Latest plqnning = 332 kEUR | Y40: 130750 | Z40: 22361.111 | AA40: 22361.111 | AB40: 22361.111 | AC40: 22361.111 | AD40: 22361.111 | AE40: 22361.111 | AF40: 22361.111 | AG40: 22361.111 | AH40: 22361.111 | AI40: =SUMIF(#REF!,"completed",Table42610[[#This Row],[Act Jan-25]:[Act Dec-25]]) -> #REF! | AJ40: =Table42610[[#This Row],[CF05 C-Hub PF]] -> 180000 | AK40: =SUM(W40:AH41) -> 332000 | AL40: =Table42610[[#This Row],[EAC (based on YTD actuals)]]-Table42610[[#This Row],[BAC (CF05 Plan)]] -> 152000
A41: Cojali Development | B41: Premium Multi-Brand Data | C41: BM-00110021_002 | E41: PO for Cojali | F41: PS-SC/PAC Other Costs | G41: VCS | H41: Manually added cost | V41: For Actual only, do not plan in MCR | Y41: =$AJ41/12 -> 0 | Z41: =$AJ41/12 -> 0 | AA41: =$AJ41/12 -> 0 | AB41: =$AJ41/12 -> 0 | AC41: =$AJ41/12 -> 0 | AD41: =$AJ41/12 -> 0 | AE41: =$AJ41/12 -> 0 | AF41: =$AJ41/12 -> 0 | ... AH41: =$AJ41/12 -> 0 | AI41: =SUMIF(#REF!,"completed",Table42610[[#This Row],[Act Jan-25]:[Act Dec-25]]) -> #REF! | AJ41: =Table42610[[#This Row],[CF05 C-Hub PF]] -> 0
A42: Cojali Development | C42: BM-00110021_002 | D42: BM-00110021_002_00000017 | E42: VCS R&D | F42: PS-SC/PAC Other Costs | G42: VCS | H42: Other cost | I42: (blank) | P42: 682500 | Q42: 292500 | R42: =Table42610[[#This Row],[C-Hub PF]] -> 682500 | S42: 292500 | T42: 682500 | U42: 292500 | V42: 27-Feb: Latest plqnning = 824 kEUR | Y42: 155105 | Z42: 74321.667 | AA42: 74321.667 | AB42: 74321.667 | AC42: 74321.667 | AD42: 74321.667 | AE42: 74321.667 | AF42: 74321.667 | AG42: 74321.667 | AH42: 74321.667 | AI42: =SUMIF(#REF!,"completed",Table42610[[#This Row],[Act Jan-25]:[Act Dec-25]]) -> #REF! | AJ42: =Table42610[[#This Row],[CF05 C-Hub PF]] -> 682500 | AK42: =SUM(W42:AH43) -> 824000 | AL42: =Table42610[[#This Row],[EAC (based on YTD actuals)]]-Table42610[[#This Row],[BAC (CF05 Plan)]] -> 141500
A43: Cojali Development | C43: BM-00110021_002 | E43: VCS R&D | F43: PS-SC/PAC Other Costs | G43: VCS | H43: Manually added cost | V43: For Actual only, do not plan in MCR | Z43: =$AJ43/12 -> 0 | AA43: =$AJ43/12 -> 0 | AB43: =$AJ43/12 -> 0 | AC43: =$AJ43/12 -> 0 | AD43: =$AJ43/12 -> 0 | AE43: =$AJ43/12 -> 0 | AF43: =$AJ43/12 -> 0 | AG43: =$AJ43/12 -> 0 | AH43: =$AJ43/12 -> 0 | AI43: =SUMIF(#REF!,"completed",Table42610[[#This Row],[Act Jan-25]:[Act Dec-25]]) -> #REF! | AJ43: =Table42610[[#This Row],[CF05 C-Hub PF]] -> 0
A44: XC-CP | B44: HW & BSW | C44: BM-00110021_004 | E44: C-Hub XC - HW Change for RS-232, K-LINE | G44: XC | P44: 0 | Q44: 0 | R44: =Table42610[[#This Row],[C-Hub PF]] -> 0 | T44: 0 | Y44: =$AJ44/12 -> 0 | Z44: =$AJ44/12 -> 0 | AA44: =$AJ44/12 -> 0 | AB44: =$AJ44/12 -> 0 | AC44: =$AJ44/12 -> 0 | AD44: =$AJ44/12 -> 0 | AE44: =$AJ44/12 -> 0 | AF44: =$AJ44/12 -> 0 | ... AH44: =$AJ44/12 -> 0 | AI44: =SUMIF(#REF!,"completed",Table42610[[#This Row],[Act Jan-25]:[Act Dec-25]]) -> #REF! | AJ44: =Table42610[[#This Row],[CF05 C-Hub PF]] -> 0 | AK44: =SUM(Table42610[[#This Row],[Act Jan-25]:[Act Dec-25]]) -> 0 | AL44: =Table42610[[#This Row],[EAC (based on YTD actuals)]]-Table42610[[#This Row],[BAC (CF05 Plan)]] -> 0
A45: XC-CP | B45: HW & BSW | C45: BM-00110021_005 | E45: C-Hub XC - HW Change for RS-232, K-LINE | G45: XC | P45: 0 | Q45: 0 | R45: =Table42610[[#This Row],[C-Hub PF]] -> 0 | T45: 0 | Y45: =$AJ45/12 -> 0 | Z45: =$AJ45/12 -> 0 | AA45: =$AJ45/12 -> 0 | AB45: =$AJ45/12 -> 0 | AC45: =$AJ45/12 -> 0 | AD45: =$AJ45/12 -> 0 | AE45: =$AJ45/12 -> 0 | AF45: =$AJ45/12 -> 0 | ... AH45: =$AJ45/12 -> 0 | AI45: =SUMIF(#REF!,"completed",Table42610[[#This Row],[Act Jan-25]:[Act Dec-25]]) -> #REF! | AJ45: =Table42610[[#This Row],[CF05 C-Hub PF]] -> 0 | AK45: =SUM(Table42610[[#This Row],[Act Jan-25]:[Act Dec-25]]) -> 0 | AL45: =Table42610[[#This Row],[EAC (based on YTD actuals)]]-Table42610[[#This Row],[BAC (CF05 Plan)]] -> 0
A46: Cojali Development | B46: Container App Development | C46: BM-00110021_002 | D46: BM-00110021_002_00000018 | E46: BD Support (Cojali & CDK) | F46: PS-SC/PAC Other Costs | G46: BD | H46: Other cost | I46: Gibayev Oleg | J46: 1 | K46: Alki | P46: 136028.67 | Q46: 0 | R46: =Table42610[[#This Row],[C-Hub PF]] -> 136028.67 | T46: 0 | V46: CF05: BD costs aggregated to BM-00110021_002_00000012 | Y46: =$AJ46/12 -> 0 | Z46: =$AJ46/12 -> 0 | AA46: =$AJ46/12 -> 0 | AB46: =$AJ46/12 -> 0 | AC46: =$AJ46/12 -> 0 | AD46: =$AJ46/12 -> 0 | AE46: =$AJ46/12 -> 0 | AF46: =$AJ46/12 -> 0 | ... AH46: =$AJ46/12 -> 0 | AI46: =SUMIF(#REF!,"completed",Table42610[[#This Row],[Act Jan-25]:[Act Dec-25]]) -> #REF! | AJ46: =Table42610[[#This Row],[CF05 C-Hub PF]] -> 0 | AK46: =SUM(W46:AH47) -> 0 | AL46: =Table42610[[#This Row],[EAC (based on YTD actuals)]]-Table42610[[#This Row],[BAC (CF05 Plan)]] -> 0
A47: Cojali Development | B47: Container App Development | C47: BM-00110021_002 | E47: BD Support (Cojali & CDK) | F47: PS-SC/PAC Other Costs | G47: BD | H47: Manually added cost | V47: For Actual only, do not plan in MCR | Y47: =$AJ47/12 -> 0 | Z47: =$AJ47/12 -> 0 | AA47: =$AJ47/12 -> 0 | AB47: =$AJ47/12 -> 0 | AC47: =$AJ47/12 -> 0 | AD47: =$AJ47/12 -> 0 | AE47: =$AJ47/12 -> 0 | AF47: =$AJ47/12 -> 0 | ... AH47: =$AJ47/12 -> 0 | AI47: =SUMIF(#REF!,"completed",Table42610[[#This Row],[Act Jan-25]:[Act Dec-25]]) -> #REF! | AJ47: =Table42610[[#This Row],[CF05 C-Hub PF]] -> 0
A48: E2E C-Hub System Team | B48: Container App Development | C48: BM-00110021_002 | E48: CDK development | F48: PS-SC/EDS_PS-SC EDS_PS-SC_XPS | G48: Cluj | H48: Personnel cost | I48: Birnescu Florin (PS-SC/EDS1) | J48: 1 | K48: Alkis | L48: 1 | M48: =_xlfn.IFNA(VLOOKUP(Table42610[[#This Row],[Resource group]],#REF!,2,FALSE),"0") -> #REF! | N48: =_xlfn.IFNA(VLOOKUP(Table42610[[#This Row],[Resource group]],#REF!,4,FALSE),"0") -> #REF! | O48: =Table42610[[#This Row],[BP26 FTE (%) - input]]*Table42610[[#This Row],[Total Hrs 2026]]*Table42610[[#This Row],[Rate 2026]] -> #REF! | P48: 78598.667 | Q48: 0 | R48: =Table42610[[#This Row],[CF02 FTE(%) - input]]*Table42610[[#This Row],[Total Hrs 2026]]*Table42610[[#This Row],[Rate 2026]] -> #REF! | T48: 78598.667 | W48: 1707.7248 | X48: 3415.7978 | Y48: 2775.6186 | Z48: =$AJ48/12 -> 6549.8889 | AA48: =$AJ48/12 -> 6549.8889 | AB48: =$AJ48/12 -> 6549.8889 | AC48: =$AJ48/12 -> 6549.8889 | AD48: =$AJ48/12 -> 6549.8889 | AE48: =$AJ48/12 -> 6549.8889 | AF48: =$AJ48/12 -> 6549.8889 | AG48: =$AJ48/12 -> 6549.8889 | AH48: =$AJ48/12 -> 6549.8889 | AI48: =SUMIF(#REF!,"completed",Table42610[[#This Row],[Act Jan-25]:[Act Dec-25]]) -> #REF! | AJ48: =Table42610[[#This Row],[CF05 C-Hub PF]] -> 78598.667 | AK48: =SUM(Table42610[[#This Row],[Act Jan-25]:[Act Dec-25]]) -> 66848.141 | AL48: =Table42610[[#This Row],[EAC (based on YTD actuals)]]-Table42610[[#This Row],[BAC (CF05 Plan)]] -> -11750.526
A49: E2E C-Hub System Team | B49: Sys-Integration & Testing | C49: BM-00110021_002 | E49: Technical Docu Cluj | F49: PS-SC/EDS_PS-SC EDS_PS-SC_XPS | G49: Cluj | H49: Personnel cost | I49: Mindrean Denisa (PS-SC/EDS) --> booking is done by Alin Pantea on her behalf | J49: 0.5 | K49: Alkis | L49: 0.5 | M49: =_xlfn.IFNA(VLOOKUP(Table42610[[#This Row],[Resource group]],#REF!,2,FALSE),"0") -> #REF! | N49: =_xlfn.IFNA(VLOOKUP(Table42610[[#This Row],[Resource group]],#REF!,4,FALSE),"0") -> #REF! | O49: =Table42610[[#This Row],[BP26 FTE (%) - input]]*Table42610[[#This Row],[Total Hrs 2026]]*Table42610[[#This Row],[Rate 2026]] -> #REF! | P49: 39299.333 | Q49: 0 | R49: =Table42610[[#This Row],[CF02 FTE(%) - input]]*Table42610[[#This Row],[Total Hrs 2026]]*Table42610[[#This Row],[Rate 2026]] -> #REF! | T49: 39299.333 | W49: 533.664 | X49: 800.5776 | Y49: 4483.6915 | Z49: =$AJ49/12 -> 3274.9444 | AA49: =$AJ49/12 -> 3274.9444 | AB49: =$AJ49/12 -> 3274.9444 | AC49: =$AJ49/12 -> 3274.9444 | AD49: =$AJ49/12 -> 3274.9444 | AE49: =$AJ49/12 -> 3274.9444 | AF49: =$AJ49/12 -> 3274.9444 | AG49: =$AJ49/12 -> 3274.9444 | AH49: =$AJ49/12 -> 3274.9444 | AI49: =SUMIF(#REF!,"completed",Table42610[[#This Row],[Act Jan-25]:[Act Dec-25]]) -> #REF! | AJ49: =Table42610[[#This Row],[CF05 C-Hub PF]] -> 39299.333 | AK49: =SUM(Table42610[[#This Row],[Act Jan-25]:[Act Dec-25]]) -> 35292.433 | AL49: =Table42610[[#This Row],[EAC (based on YTD actuals)]]-Table42610[[#This Row],[BAC (CF05 Plan)]] -> -4006.9002
A50: Other costs | C50: BM-00110021_003 | D50: BM-00110021_003_00000004 | E50: Other cost / Lab, HW etc. | F50: PS-SC/PAC Other Costs | G50: Operation | H50: Other cost | I50: (blank) | J50: other cost | P50: 20000 | Q50: 30000 | R50: 20000 | S50: 30000 | T50: 20000 | U50: 30000 | W50: 203.7 | Y50: =$AJ50/12 -> 1666.6667 | Z50: =$AJ50/12 -> 1666.6667 | AA50: =$AJ50/12 -> 1666.6667 | AB50: =$AJ50/12 -> 1666.6667 | AC50: =$AJ50/12 -> 1666.6667 | AD50: =$AJ50/12 -> 1666.6667 | AE50: =$AJ50/12 -> 1666.6667 | AF50: =$AJ50/12 -> 1666.6667 | ... AH50: =$AJ50/12 -> 1666.6667 | AI50: =SUMIF(#REF!,"completed",Table42610[[#This Row],[Act Jan-25]:[Act Dec-25]]) -> #REF! | AJ50: =Table42610[[#This Row],[CF05 C-Hub PF]] -> 20000 | AK50: =SUM(Table42610[[#This Row],[Act Jan-25]:[Act Dec-25]]) -> 16870.367 | AL50: =Table42610[[#This Row],[EAC (based on YTD actuals)]]-Table42610[[#This Row],[BAC (CF05 Plan)]] -> -3129.6333
A51: E2E C-Hub System Team | B51: Service Delivery OPS & Support | C51: BM-00110021_002 | E51: Customer Cloud Integration / pre-development for VI integration | F51: PS-SC/EDS_PS-SC EDS_PS-SC_XPS | G51: Cluj | H51: Personnel cost | I51: Modoc, Daniel Stefan | J51: 1 | K51: Alex/Ann - tbc | L51: 1 | M51: =_xlfn.IFNA(VLOOKUP(Table42610[[#This Row],[Resource group]],#REF!,2,FALSE),"0") -> #REF! | N51: =_xlfn.IFNA(VLOOKUP(Table42610[[#This Row],[Resource group]],#REF!,4,FALSE),"0") -> #REF! | O51: =Table42610[[#This Row],[BP26 FTE (%) - input]]*Table42610[[#This Row],[Total Hrs 2026]]*Table42610[[#This Row],[Rate 2026]] -> #REF! | P51: 78598.667 | Q51: 0 | R51: =Table42610[[#This Row],[CF02 FTE(%) - input]]*Table42610[[#This Row],[Total Hrs 2026]]*Table42610[[#This Row],[Rate 2026]] -> #REF! | T51: 78598.667 | W51: =6403.968+16632 -> 23035.968 | X51: 8112.5197 | Y51: 9394.4013 | Z51: =$AJ51/12 -> 6549.8889 | AA51: =$AJ51/12 -> 6549.8889 | AB51: =$AJ51/12 -> 6549.8889 | AC51: =$AJ51/12 -> 6549.8889 | AD51: =$AJ51/12 -> 6549.8889 | AE51: =$AJ51/12 -> 6549.8889 | AF51: =$AJ51/12 -> 6549.8889 | AG51: =$AJ51/12 -> 6549.8889 | AH51: =$AJ51/12 -> 6549.8889 | AI51: =SUMIF(#REF!,"completed",Table42610[[#This Row],[Act Jan-25]:[Act Dec-25]]) -> #REF! | AJ51: =Table42610[[#This Row],[CF05 C-Hub PF]] -> 78598.667 | AK51: =SUM(Table42610[[#This Row],[Act Jan-25]:[Act Dec-25]]) -> 99491.889 | AL51: =Table42610[[#This Row],[EAC (based on YTD actuals)]]-Table42610[[#This Row],[BAC (CF05 Plan)]] -> 20893.222
A52: E2E C-Hub System Team | B52: System Eng. & Feature Owners | C52: BM-00110021_002 | E52: E2E System Team - Requirements Eng. & System development | F52: MS/ECP-PS-IN_iGPM SW-Services_DP | G52: IN | H52: Personnel cost | I52: Praveen, K M | J52: 1 | K52: Alexander | L52: 1 | M52: =_xlfn.IFNA(VLOOKUP(Table42610[[#This Row],[Resource group]],#REF!,2,FALSE),"0") -> #REF! | N52: =_xlfn.IFNA(VLOOKUP(Table42610[[#This Row],[Resource group]],#REF!,4,FALSE),"0") -> #REF! | O52: =Table42610[[#This Row],[BP26 FTE (%) - input]]*Table42610[[#This Row],[Total Hrs 2026]]*Table42610[[#This Row],[Rate 2026]] -> #REF! | P52: 52462.84 | Q52: 0 | R52: =Table42610[[#This Row],[CF02 FTE(%) - input]]*Table42610[[#This Row],[Total Hrs 2026]]*Table42610[[#This Row],[Rate 2026]] -> #REF! | T52: 52462.84 | W52: 4166.1956 | X52: 4107.1233 | Y52: 4146.7853 | Z52: =$AJ52/12 -> 4371.9033 | AA52: =$AJ52/12 -> 4371.9033 | AB52: =$AJ52/12 -> 4371.9033 | AC52: =$AJ52/12 -> 4371.9033 | AD52: =$AJ52/12 -> 4371.9033 | AE52: =$AJ52/12 -> 4371.9033 | AF52: =$AJ52/12 -> 4371.9033 | AG52: =$AJ52/12 -> 4371.9033 | AH52: =$AJ52/12 -> 4371.9033 | AI52: =SUMIF(#REF!,"completed",Table42610[[#This Row],[Act Jan-25]:[Act Dec-25]]) -> #REF! | AJ52: =Table42610[[#This Row],[CF05 C-Hub PF]] -> 52462.84 | AK52: =SUM(Table42610[[#This Row],[Act Jan-25]:[Act Dec-25]]) -> 51767.234 | AL52: =Table42610[[#This Row],[EAC (based on YTD actuals)]]-Table42610[[#This Row],[BAC (CF05 Plan)]] -> -695.6058
A53: E2E C-Hub System Team | B53: System Eng. & Feature Owners | C53: BM-00110021_002 | E53: E2E System Team - SysArch - Requirements Eng. & System development | F53: PS-SC/EDS_PS-SC EDS_PS-SC_XPS | G53: Cluj | H53: Personnel cost | I53: Hategan, Liviu Ioan; Oliver J. | J53: 2 | K53: Alex/Alkis - tbc | L53: 2 | M53: =_xlfn.IFNA(VLOOKUP(Table42610[[#This Row],[Resource group]],#REF!,2,FALSE),"0") -> #REF! | N53: =_xlfn.IFNA(VLOOKUP(Table42610[[#This Row],[Resource group]],#REF!,4,FALSE),"0") -> #REF! | O53: =Table42610[[#This Row],[BP26 FTE (%) - input]]*Table42610[[#This Row],[Total Hrs 2026]]*Table42610[[#This Row],[Rate 2026]] -> #REF! | P53: 157197.33 | Q53: 0 | R53: =Table42610[[#This Row],[CF02 FTE(%) - input]]*Table42610[[#This Row],[Total Hrs 2026]]*Table42610[[#This Row],[Rate 2026]] -> #REF! | T53: 157197.33 | V53: tbd w/ Alin: who is staffed here | W53: 20492.698 | X53: 25618.483 | Y53: 23699.512 | Z53: =$AJ53/12 -> 13099.778 | AA53: =$AJ53/12 -> 13099.778 | AB53: =$AJ53/12 -> 13099.778 | AC53: =$AJ53/12 -> 13099.778 | AD53: =$AJ53/12 -> 13099.778 | AE53: =$AJ53/12 -> 13099.778 | AF53: =$AJ53/12 -> 13099.778 | AG53: =$AJ53/12 -> 13099.778 | AH53: =$AJ53/12 -> 13099.778 | AI53: =SUMIF(#REF!,"completed",Table42610[[#This Row],[Act Jan-25]:[Act Dec-25]]) -> #REF! | AJ53: =Table42610[[#This Row],[CF05 C-Hub PF]] -> 157197.33 | AK53: =SUM(Table42610[[#This Row],[Act Jan-25]:[Act Dec-25]]) -> 187708.69 | AL53: =Table42610[[#This Row],[EAC (based on YTD actuals)]]-Table42610[[#This Row],[BAC (CF05 Plan)]] -> 30511.36
A54: E2E C-Hub System Team | B54: Sys-Integration & Testing | C54: BM-00110021_003 | E54: System integration and performing V&V | F54: PS-CV/EES System Engineer EES (ex CVO/ENP) | G54: CV | H54: Personnel cost | I54: Blohm, Christina; Frank, Kornelius | J54: 1 | K54: Alkis | L54: 0.31642467 | M54: =_xlfn.IFNA(VLOOKUP(Table42610[[#This Row],[Resource group]],#REF!,2,FALSE),"0") -> #REF! | N54: =_xlfn.IFNA(VLOOKUP(Table42610[[#This Row],[Resource group]],#REF!,4,FALSE),"0") -> #REF! | O54: =Table42610[[#This Row],[BP26 FTE (%) - input]]*Table42610[[#This Row],[Total Hrs 2026]]*Table42610[[#This Row],[Rate 2026]] -> #REF! | P54: 71785.714 | Q54: 0 | R54: =Table42610[[#This Row],[CF02 FTE(%) - input]]*Table42610[[#This Row],[Total Hrs 2026]]*Table42610[[#This Row],[Rate 2026]] -> #REF! | T54: 71785.714 | W54: 5752.3 | X54: 6874.7 | Y54: 12346.4 | Z54: =$AJ54/12 -> 5982.1429 | AA54: =$AJ54/12 -> 5982.1429 | AB54: =$AJ54/12 -> 5982.1429 | AC54: =$AJ54/12 -> 5982.1429 | AD54: =$AJ54/12 -> 5982.1429 | AE54: =$AJ54/12 -> 5982.1429 | AF54: =$AJ54/12 -> 5982.1429 | AG54: =$AJ54/12 -> 5982.1429 | AH54: =$AJ54/12 -> 5982.1429 | AI54: =SUMIF(#REF!,"completed",Table42610[[#This Row],[Act Jan-25]:[Act Dec-25]]) -> #REF! | AJ54: =Table42610[[#This Row],[CF05 C-Hub PF]] -> 71785.714 | AK54: =SUM(Table42610[[#This Row],[Act Jan-25]:[Act Dec-25]]) -> 78812.686 | AL54: =Table42610[[#This Row],[EAC (based on YTD actuals)]]-Table42610[[#This Row],[BAC (CF05 Plan)]] -> 7026.9714
A55: E2E C-Hub System Team | B55: Service Delivery OPS & Support | C55: BM-00110021_003 | E55: System Integration and Solution Architecture technical customer support | F55: PS-SC/PAC PAC1 | G55: PA-CS | H55: Personnel cost | I55: Perless, Alexander | J55: 1 | K55: Target resp. | L55: 1 | M55: =_xlfn.IFNA(VLOOKUP(Table42610[[#This Row],[Resource group]],#REF!,2,FALSE),"0") -> #REF! | N55: =_xlfn.IFNA(VLOOKUP(Table42610[[#This Row],[Resource group]],#REF!,4,FALSE),"0") -> #REF! | O55: =Table42610[[#This Row],[BP26 FTE (%) - input]]*Table42610[[#This Row],[Total Hrs 2026]]*Table42610[[#This Row],[Rate 2026]] -> #REF! | P55: 210721.5 | R55: =Table42610[[#This Row],[CF02 FTE(%) - input]]*Table42610[[#This Row],[Total Hrs 2026]]*Table42610[[#This Row],[Rate 2026]] -> #REF! | T55: 210721.5 | W55: 19750.5 | X55: 11768.625 | Y55: 21235.5 | Z55: =$AJ55/12 -> 17560.125 | AA55: =$AJ55/12 -> 17560.125 | AB55: =$AJ55/12 -> 17560.125 | AC55: =$AJ55/12 -> 17560.125 | AD55: =$AJ55/12 -> 17560.125 | AE55: =$AJ55/12 -> 17560.125 | AF55: =$AJ55/12 -> 17560.125 | AG55: =$AJ55/12 -> 17560.125 | AH55: =$AJ55/12 -> 17560.125 | AI55: =SUMIF(#REF!,"completed",Table42610[[#This Row],[Act Jan-25]:[Act Dec-25]]) -> #REF! | AJ55: =Table42610[[#This Row],[CF05 C-Hub PF]] -> 210721.5 | AK55: =SUM(Table42610[[#This Row],[Act Jan-25]:[Act Dec-25]]) -> 210795.75 | AL55: =Table42610[[#This Row],[EAC (based on YTD actuals)]]-Table42610[[#This Row],[BAC (CF05 Plan)]] -> 74.25
A56: E2E C-Hub System Team | B56: Sys-Integration & Testing | C56: BM-00110021_002 | E56: Managing V&V | F56: PS-SC/ETX V&V CE Other Cust. Proj. | G56: Cluj | H56: Personnel cost | I56: Fagarasi, Lorand | J56: 1 | K56: Alkis - tbc | L56: 1 | M56: =_xlfn.IFNA(VLOOKUP(Table42610[[#This Row],[Resource group]],#REF!,2,FALSE),"0") -> #REF! | N56: =_xlfn.IFNA(VLOOKUP(Table42610[[#This Row],[Resource group]],#REF!,4,FALSE),"0") -> #REF! | O56: =Table42610[[#This Row],[BP26 FTE (%) - input]]*Table42610[[#This Row],[Total Hrs 2026]]*Table42610[[#This Row],[Rate 2026]] -> #REF! | P56: 81437 | Q56: 0 | R56: =Table42610[[#This Row],[CF02 FTE(%) - input]]*Table42610[[#This Row],[Total Hrs 2026]]*Table42610[[#This Row],[Rate 2026]] -> #REF! | T56: 81437 | W56: 6724.1664 | X56: 3842.7725 | Y56: 9394.4013 | Z56: =$AJ56/12 -> 6786.4167 | AA56: =$AJ56/12 -> 6786.4167 | AB56: =$AJ56/12 -> 6786.4167 | AC56: =$AJ56/12 -> 6786.4167 | AD56: =$AJ56/12 -> 6786.4167 | AE56: =$AJ56/12 -> 6786.4167 | AF56: =$AJ56/12 -> 6786.4167 | AG56: =$AJ56/12 -> 6786.4167 | AH56: =$AJ56/12 -> 6786.4167 | AI56: =SUMIF(#REF!,"completed",Table42610[[#This Row],[Act Jan-25]:[Act Dec-25]]) -> #REF! | AJ56: =Table42610[[#This Row],[CF05 C-Hub PF]] -> 81437 | AK56: =SUM(Table42610[[#This Row],[Act Jan-25]:[Act Dec-25]]) -> 81039.09 | AL56: =Table42610[[#This Row],[EAC (based on YTD actuals)]]-Table42610[[#This Row],[BAC (CF05 Plan)]] -> -397.90984
A57: E2E C-Hub System Team | B57: Sys-Integration & Testing | C57: BM-00110021_002 | E57: Performing V&V | F57: PS-SC/ETX V&V CE Other Cust. Proj. | G57: Cluj | H57: Personnel cost | I57: Chirlejan, Alex Bogdan | J57: 1 | K57: Alkis - tbc | L57: 1 | M57: =_xlfn.IFNA(VLOOKUP(Table42610[[#This Row],[Resource group]],#REF!,2,FALSE),"0") -> #REF! | N57: =_xlfn.IFNA(VLOOKUP(Table42610[[#This Row],[Resource group]],#REF!,4,FALSE),"0") -> #REF! | O57: =Table42610[[#This Row],[BP26 FTE (%) - input]]*Table42610[[#This Row],[Total Hrs 2026]]*Table42610[[#This Row],[Rate 2026]] -> #REF! | P57: 81437 | Q57: 0 | R57: =Table42610[[#This Row],[CF02 FTE(%) - input]]*Table42610[[#This Row],[Total Hrs 2026]]*Table42610[[#This Row],[Rate 2026]] -> #REF! | T57: 81437 | W57: 6403.968 | X57: 8539.4944 | Y57: 9394.4013 | Z57: =$AJ57/12 -> 6786.4167 | AA57: =$AJ57/12 -> 6786.4167 | AB57: =$AJ57/12 -> 6786.4167 | AC57: =$AJ57/12 -> 6786.4167 | AD57: =$AJ57/12 -> 6786.4167 | AE57: =$AJ57/12 -> 6786.4167 | AF57: =$AJ57/12 -> 6786.4167 | AG57: =$AJ57/12 -> 6786.4167 | AH57: =$AJ57/12 -> 6786.4167 | AI57: =SUMIF(#REF!,"completed",Table42610[[#This Row],[Act Jan-25]:[Act Dec-25]]) -> #REF! | AJ57: =Table42610[[#This Row],[CF05 C-Hub PF]] -> 81437 | AK57: =SUM(Table42610[[#This Row],[Act Jan-25]:[Act Dec-25]]) -> 85415.614 | AL57: =Table42610[[#This Row],[EAC (based on YTD actuals)]]-Table42610[[#This Row],[BAC (CF05 Plan)]] -> 3978.6137
C58: BM-00110021_002 | E58: Installation App development | F58: PS-SC/PAC Other Costs | G58: Operation | H58: Other cost | P58: 0 | Q58: 0 | R58: =Table42610[[#This Row],[C-Hub PF]] -> 0 | T58: 0 | Y58: =$AJ58/12 -> 0 | Z58: =$AJ58/12 -> 0 | AA58: =$AJ58/12 -> 0 | AB58: =$AJ58/12 -> 0 | AC58: =$AJ58/12 -> 0 | AD58: =$AJ58/12 -> 0 | AE58: =$AJ58/12 -> 0 | AF58: =$AJ58/12 -> 0 | ... AH58: =$AJ58/12 -> 0 | AI58: =SUMIF(#REF!,"completed",Table42610[[#This Row],[Act Jan-25]:[Act Dec-25]]) -> #REF! | AJ58: =Table42610[[#This Row],[CF05 C-Hub PF]] -> 0 | AK58: =SUM(Table42610[[#This Row],[Act Jan-25]:[Act Dec-25]]) -> 0 | AL58: =Table42610[[#This Row],[EAC (based on YTD actuals)]]-Table42610[[#This Row],[BAC (CF05 Plan)]] -> 0
A59: XC-CP | B59: Stretch target | C59: BM-00110021_004 | E59: Stretch target XC | F59: PS-SC/PAC Other Costs | G59: XC | H59: Stretch target | L59: 0 | P59: -286993.92 | Q59: 0 | R59: =Table42610[[#This Row],[C-Hub PF]] -> -286993.92 | T59: -343003.95 | V59: CF05: Stretch target increased to compensate for the XC increase | Y59: 0 | Z59: 0 | AA59: 0 | AB59: 0 | AC59: 0 | AD59: 0 | AE59: 0 | AF59: 0 | AG59: 0 | AH59: 0 | AI59: =SUMIF(#REF!,"completed",Table42610[[#This Row],[Act Jan-25]:[Act Dec-25]]) -> #REF! | AJ59: =Table42610[[#This Row],[CF05 C-Hub PF]] -> -343003.95 | AK59: =SUM(Table42610[[#This Row],[Act Jan-25]:[Act Dec-25]]) -> 0 | AL59: =Table42610[[#This Row],[EAC (based on YTD actuals)]]-Table42610[[#This Row],[BAC (CF05 Plan)]] -> 343003.95
Y60: =$AJ60/12 -> 0 | Z60: =$AJ60/12 -> 0 | AA60: =$AJ60/12 -> 0 | AB60: =$AJ60/12 -> 0 | AC60: =$AJ60/12 -> 0 | AD60: =$AJ60/12 -> 0 | AE60: =$AJ60/12 -> 0 | AF60: =$AJ60/12 -> 0 | ... AH60: =$AJ60/12 -> 0 | AI60: =SUMIF(#REF!,"completed",Table42610[[#This Row],[Act Jan-25]:[Act Dec-25]]) -> #REF! | AJ60: =Table42610[[#This Row],[CF05 C-Hub PF]] -> 0 | AK60: =SUM(Table42610[[#This Row],[Act Jan-25]:[Act Dec-25]])/COUNTIF(#REF!,"completed")*12 -> #REF! | AL60: =Table42610[[#This Row],[EAC (based on YTD actuals)]]-Table42610[[#This Row],[BAC (CF05 Plan)]] -> #REF!
C61: BM-00112873_001 | Y61: =$AJ61/12 -> 0 | Z61: =$AJ61/12 -> 0 | AA61: =$AJ61/12 -> 0 | AB61: =$AJ61/12 -> 0 | AC61: =$AJ61/12 -> 0 | AD61: =$AJ61/12 -> 0 | AE61: =$AJ61/12 -> 0 | AF61: =$AJ61/12 -> 0 | ... AH61: =$AJ61/12 -> 0 | AI61: =SUMIF(#REF!,"completed",Table42610[[#This Row],[Act Jan-25]:[Act Dec-25]]) -> #REF! | AJ61: =Table42610[[#This Row],[CF05 C-Hub PF]] -> 0 | AK61: =SUM(Table42610[[#This Row],[Act Jan-25]:[Act Dec-25]])/COUNTIF(#REF!,"completed")*12 -> #REF! | AL61: =Table42610[[#This Row],[EAC (based on YTD actuals)]]-Table42610[[#This Row],[BAC (CF05 Plan)]] -> #REF!
C62: BM-00112873_001 | Y62: =$AJ62/12 -> 0 | Z62: =$AJ62/12 -> 0 | AA62: =$AJ62/12 -> 0 | AB62: =$AJ62/12 -> 0 | AC62: =$AJ62/12 -> 0 | AD62: =$AJ62/12 -> 0 | AE62: =$AJ62/12 -> 0 | AF62: =$AJ62/12 -> 0 | ... AH62: =$AJ62/12 -> 0 | AI62: =SUMIF(#REF!,"completed",Table42610[[#This Row],[Act Jan-25]:[Act Dec-25]]) -> #REF! | AJ62: =Table42610[[#This Row],[CF05 C-Hub PF]] -> 0 | AK62: =SUM(Table42610[[#This Row],[Act Jan-25]:[Act Dec-25]])/COUNTIF(#REF!,"completed")*12 -> #REF! | AL62: =Table42610[[#This Row],[EAC (based on YTD actuals)]]-Table42610[[#This Row],[BAC (CF05 Plan)]] -> #REF!
C63: BM-00112873_001 | Y63: =$AJ63/12 -> 0 | Z63: =$AJ63/12 -> 0 | AA63: =$AJ63/12 -> 0 | AB63: =$AJ63/12 -> 0 | AC63: =$AJ63/12 -> 0 | AD63: =$AJ63/12 -> 0 | AE63: =$AJ63/12 -> 0 | AF63: =$AJ63/12 -> 0 | ... AH63: =$AJ63/12 -> 0 | AI63: =SUMIF(#REF!,"completed",Table42610[[#This Row],[Act Jan-25]:[Act Dec-25]]) -> #REF! | AJ63: =Table42610[[#This Row],[CF05 C-Hub PF]] -> 0 | AK63: =SUM(Table42610[[#This Row],[Act Jan-25]:[Act Dec-25]])/COUNTIF(#REF!,"completed")*12 -> #REF! | AL63: =Table42610[[#This Row],[EAC (based on YTD actuals)]]-Table42610[[#This Row],[BAC (CF05 Plan)]] -> #REF!
C64: BM-00112873_001 | Y64: =$AJ64/12 -> 0 | Z64: =$AJ64/12 -> 0 | AA64: =$AJ64/12 -> 0 | AB64: =$AJ64/12 -> 0 | AC64: =$AJ64/12 -> 0 | AD64: =$AJ64/12 -> 0 | AE64: =$AJ64/12 -> 0 | AF64: =$AJ64/12 -> 0 | ... AH64: =$AJ64/12 -> 0 | AI64: =SUMIF(#REF!,"completed",Table42610[[#This Row],[Act Jan-25]:[Act Dec-25]]) -> #REF! | AJ64: =Table42610[[#This Row],[CF05 C-Hub PF]] -> 0 | AK64: =SUM(Table42610[[#This Row],[Act Jan-25]:[Act Dec-25]])/COUNTIF(#REF!,"completed")*12 -> #REF! | AL64: =Table42610[[#This Row],[EAC (based on YTD actuals)]]-Table42610[[#This Row],[BAC (CF05 Plan)]] -> #REF!
C65: BM-00112873_001 | Y65: =$AJ65/12 -> 0 | Z65: =$AJ65/12 -> 0 | AA65: =$AJ65/12 -> 0 | AB65: =$AJ65/12 -> 0 | AC65: =$AJ65/12 -> 0 | AD65: =$AJ65/12 -> 0 | AE65: =$AJ65/12 -> 0 | AF65: =$AJ65/12 -> 0 | ... AH65: =$AJ65/12 -> 0 | AI65: =SUMIF(#REF!,"completed",Table42610[[#This Row],[Act Jan-25]:[Act Dec-25]]) -> #REF! | AJ65: =Table42610[[#This Row],[CF05 C-Hub PF]] -> 0 | AK65: =SUM(Table42610[[#This Row],[Act Jan-25]:[Act Dec-25]])/COUNTIF(#REF!,"completed")*12 -> #REF! | AL65: =Table42610[[#This Row],[EAC (based on YTD actuals)]]-Table42610[[#This Row],[BAC (CF05 Plan)]] -> #REF!
C66: BM-00112873_001 | Y66: =$AJ66/12 -> 0 | Z66: =$AJ66/12 -> 0 | AA66: =$AJ66/12 -> 0 | AB66: =$AJ66/12 -> 0 | AC66: =$AJ66/12 -> 0 | AD66: =$AJ66/12 -> 0 | AE66: =$AJ66/12 -> 0 | AF66: =$AJ66/12 -> 0 | ... AH66: =$AJ66/12 -> 0 | AI66: =SUMIF(#REF!,"completed",Table42610[[#This Row],[Act Jan-25]:[Act Dec-25]]) -> #REF! | AJ66: =Table42610[[#This Row],[CF05 C-Hub PF]] -> 0 | AK66: =SUM(Table42610[[#This Row],[Act Jan-25]:[Act Dec-25]])/COUNTIF(#REF!,"completed")*12 -> #REF! | AL66: =Table42610[[#This Row],[EAC (based on YTD actuals)]]-Table42610[[#This Row],[BAC (CF05 Plan)]] -> #REF!
C67: BM-00112873_001 | Y67: =$AJ67/12 -> 0 | Z67: =$AJ67/12 -> 0 | AA67: =$AJ67/12 -> 0 | AB67: =$AJ67/12 -> 0 | AC67: =$AJ67/12 -> 0 | AD67: =$AJ67/12 -> 0 | AE67: =$AJ67/12 -> 0 | AF67: =$AJ67/12 -> 0 | ... AH67: =$AJ67/12 -> 0 | AI67: =SUMIF(#REF!,"completed",Table42610[[#This Row],[Act Jan-25]:[Act Dec-25]]) -> #REF! | AJ67: =Table42610[[#This Row],[CF05 C-Hub PF]] -> 0 | AK67: =SUM(Table42610[[#This Row],[Act Jan-25]:[Act Dec-25]])/COUNTIF(#REF!,"completed")*12 -> #REF! | AL67: =Table42610[[#This Row],[EAC (based on YTD actuals)]]-Table42610[[#This Row],[BAC (CF05 Plan)]] -> #REF!
C68: BM-00112873_001 | Y68: =$AJ68/12 -> 0 | Z68: =$AJ68/12 -> 0 | AA68: =$AJ68/12 -> 0 | AB68: =$AJ68/12 -> 0 | AC68: =$AJ68/12 -> 0 | AD68: =$AJ68/12 -> 0 | AE68: =$AJ68/12 -> 0 | AF68: =$AJ68/12 -> 0 | ... AH68: =$AJ68/12 -> 0 | AI68: =SUMIF(#REF!,"completed",Table42610[[#This Row],[Act Jan-25]:[Act Dec-25]]) -> #REF! | AJ68: =Table42610[[#This Row],[CF05 C-Hub PF]] -> 0 | AK68: =SUM(Table42610[[#This Row],[Act Jan-25]:[Act Dec-25]])/COUNTIF(#REF!,"completed")*12 -> #REF! | AL68: =Table42610[[#This Row],[EAC (based on YTD actuals)]]-Table42610[[#This Row],[BAC (CF05 Plan)]] -> #REF!
C69: BM-00112873_001 | Y69: =$AJ69/12 -> 0 | Z69: =$AJ69/12 -> 0 | AA69: =$AJ69/12 -> 0 | AB69: =$AJ69/12 -> 0 | AC69: =$AJ69/12 -> 0 | AD69: =$AJ69/12 -> 0 | AE69: =$AJ69/12 -> 0 | AF69: =$AJ69/12 -> 0 | ... AH69: =$AJ69/12 -> 0 | AI69: =SUMIF(#REF!,"completed",Table42610[[#This Row],[Act Jan-25]:[Act Dec-25]]) -> #REF! | AJ69: =Table42610[[#This Row],[CF05 C-Hub PF]] -> 0 | AK69: =SUM(Table42610[[#This Row],[Act Jan-25]:[Act Dec-25]])/COUNTIF(#REF!,"completed")*12 -> #REF! | AL69: =Table42610[[#This Row],[EAC (based on YTD actuals)]]-Table42610[[#This Row],[BAC (CF05 Plan)]] -> #REF!
C70: BM-00112873_001 | Y70: =$AJ70/12 -> 0 | Z70: =$AJ70/12 -> 0 | AA70: =$AJ70/12 -> 0 | AB70: =$AJ70/12 -> 0 | AC70: =$AJ70/12 -> 0 | AD70: =$AJ70/12 -> 0 | AE70: =$AJ70/12 -> 0 | AF70: =$AJ70/12 -> 0 | ... AH70: =$AJ70/12 -> 0 | AI70: =SUMIF(#REF!,"completed",Table42610[[#This Row],[Act Jan-25]:[Act Dec-25]]) -> #REF! | AJ70: =Table42610[[#This Row],[CF05 C-Hub PF]] -> 0 | AK70: =SUM(Table42610[[#This Row],[Act Jan-25]:[Act Dec-25]])/COUNTIF(#REF!,"completed")*12 -> #REF! | AL70: =Table42610[[#This Row],[EAC (based on YTD actuals)]]-Table42610[[#This Row],[BAC (CF05 Plan)]] -> #REF!
C71: BM-00112873_001 | Y71: =$AJ71/12 -> 0 | Z71: =$AJ71/12 -> 0 | AA71: =$AJ71/12 -> 0 | AB71: =$AJ71/12 -> 0 | AC71: =$AJ71/12 -> 0 | AD71: =$AJ71/12 -> 0 | AE71: =$AJ71/12 -> 0 | AF71: =$AJ71/12 -> 0 | ... AH71: =$AJ71/12 -> 0 | AI71: =SUMIF(#REF!,"completed",Table42610[[#This Row],[Act Jan-25]:[Act Dec-25]]) -> #REF! | AJ71: =Table42610[[#This Row],[CF05 C-Hub PF]] -> 0 | AK71: =SUM(Table42610[[#This Row],[Act Jan-25]:[Act Dec-25]])/COUNTIF(#REF!,"completed")*12 -> #REF! | AL71: =Table42610[[#This Row],[EAC (based on YTD actuals)]]-Table42610[[#This Row],[BAC (CF05 Plan)]] -> #REF!
A72: Total | P72: =SUBTOTAL(9,Table42610[C-Hub PF]) -> 5492624.7 | Q72: =SUBTOTAL(9,Table42610[C-Hub Cust Ext]) -> 1981950.9 | R72: =SUBTOTAL(9,Table42610[CF02 C-Hub PF]) -> #REF! | S72: =SUBTOTAL(9,Table42610[CF02 C-Hub Cust Ext]) -> #REF! | T72: =SUBTOTAL(109,Table42610[CF05 C-Hub PF]) -> 4885188.7 | U72: =SUBTOTAL(109,Table42610[CF05 C-Hub Cust Ext]) -> 2070962.4 | W72: =SUBTOTAL(109,Table42610[Act Jan-25]) -> 216492.3 | X72: =SUBTOTAL(109,Table42610[Act Feb-25]) -> 301641.02 | Y72: =SUBTOTAL(109,Table42610[Act Mar-25]) -> 817488.53 | Z72: =SUBTOTAL(109,Table42610[Act Apr-25]) -> 496490.5 | AA72: =SUBTOTAL(109,Table42610[Act May-25]) -> 496490.5 | AB72: =SUBTOTAL(109,Table42610[Act Jun-25]) -> 496490.5 | AC72: =SUBTOTAL(109,Table42610[Act Jul-25]) -> 496490.5 | AD72: =SUBTOTAL(109,Table42610[Act Aug-25]) -> 496490.5 | AE72: =SUBTOTAL(109,Table42610[Act Sep-25]) -> 496490.5 | AF72: =SUBTOTAL(109,Table42610[Act Oct-25]) -> 496490.5 | AG72: =SUBTOTAL(109,Table42610[Act Nov-25]) -> 496490.5 | AH72: =SUBTOTAL(109,Table42610[Act Dec-25]) -> 458028.5 | AI72: =SUBTOTAL(109,Table42610[YTD Actuals 2025]) -> #REF! | AJ72: =SUBTOTAL(109,Table42610[BAC (CF05 Plan)]) -> 4885188.7 | AK72: =SUBTOTAL(109,Table42610[EAC (based on YTD actuals)]) -> #REF! | AL72: =SUBTOTAL(109,Table42610[Gap]) -> #REF!
R73: 5420000
R74: =R73-Table42610[[#Totals],[CF02 C-Hub PF]] -> #REF! | T74: =U33-S33 -> 56009.95
A77: ECP Planning
E78: ECP / xyz1 | F78: abc | M78: 1500 | N78: 80
E79: ECP / xyz2 | F79: abc | M79: 1496 | N79: 150
E80: ECP / xyz3 | F80: abc | M80: 1496 | N80: 120
P81: 222
P82: 166
P83: 166
P85: 180
P86: 525
P87: 119

Sheet Risk-Tracking
A1: No | B1: Risks | C1: Risk amount(k€) | D1: thereof included in Risk BP26 (BM-00107793_002) | E1: Cost coverage ensured elsewhere | F1: Remaining risk amount | G1: Responsible | H1: Customer | I1: Column1 | J1: Comment Stan | K1: Consider? | L1: Column2 | M1: Hinweis LL | O1: Risks PPT (Mar-26)
A2: 1 | B2: Risk BP26 | C2: 2080 | F2: =C2-D2-E2 -> 2080 | G2: C-Hub Customers | H2: all | O2: Customer integrations | P2: 250
A3: 2 | B3: NA (currently not booking) | C3: 840 | D3: 420 | F3: =C3-D3-E3 -> 420 | G3: C-Hub Product | H3: Penske, Amazon, ViaScience | J3: 9-Mar-26: NA bookings added manually to the Cost tracking | O3: MA for vehicle configuration | P3: 68
A4: 3 | B4: Budget cut CF02 | C4: 400 | F4: =C4-D4-E4 -> 400 | G4: C-Hub Product | O4: NA Team + other cost | P4: 423
A5: 4 | B5: Refunding ögP | C5: 330 | F5: =C5-D5-E5 -> 330 | G5: C-Hub Product | L5: 96 | M5: Planung aktuell Transfer <26 Werte in Diskussion | O5: Operations L1/L2 Incident/Problem/Monitoring | P5: 78
A6: 5 | B6: Risk to overshoot ECP budget beyond ögP funding | C6: 300 | F6: =C6-D6-E6 -> 300 | G6: ECP / PAC2 | I6: see OneNote | L6: 300 | M6: Risiko verstsehe ich nicht ist Kostenneutral ECP Anteil wird von ÖGP bezhalt | O6: Service Operation EU - VI | P6: 100
A7: 6 | B7: Service Improvements (Fleet Session 02.2026) | C7: 230 | F7: =C7-D7-E7 -> 230 | G7: C-Hub Customers | H7: Penske | I7: see OneNote | O7: Service Operation NA - VI | P7: 100
A8: 7 | B8: Manual Monitoring Penske | C8: 50 | D8: 50 | F8: =C8-D8-E8 -> 0 | G8: C-Hub Customers | H8: Penske | I8: see OneNote | O8: Partner Manager | P8: 41
A9: 8 | B9: Unplanned additional effort ViaScience | C9: 100 | F9: =C9-D9-E9 -> 100 | G9: C-Hub Customers | H9: ViaScience | I9: see OneNote | O9: C-Hub XC New Features | P9: 287
A10: 9 | B10: Penske Volume increase (e.g. raw material) | C10: 66 | E10: 66 | F10: =C10-D10-E10 -> 0 | G10: PDCL | H10: Penske | I10: see OneNote | K10: Not concidered | O10: ETAS-MSS Cojali | P10: 113
A11: 10 | B11: SAE Licence | C11: 40 | E11: 40 | F11: =C11-D11-E11 -> 0 | G11: PDCL | H11: Penske | K11: Not concidered | O11: R&D at Cojali | P11: 300
A12: 11 | B12: unplanned effort Heex | C12: 20 | F12: =C12-D12-E12 -> 20 | G12: C-Hub Product / PS-SC/XPS | O12: VCS R&D | P12: 293
A13: 12 | B13: Proprietary CAN Messages Volvo for Remodul | C13: 10 | F13: =C13-D13-E13 -> 10 | G13: C-Hub Product | H13: Remodul | L13: 10 | M13: müsste doch in Remodul rein | O13: Other cost / Lab, HW etc. | P13: 30
A14: 13 | B14: Additional effort WoW | C14: 100 | F14: =C14-D14-E14 -> 100 | G14: C-Hub Product | I14: see OneNote | P14: =SUM(P2:P13) -> 2083
A15: 14 | B15: LTB eMMC | C15: =8*20 -> 160 | F15: =C15-D15-E15 -> 160 | G15: PDCL
A16: 15 | B16: Penske additional effort secure cloud connection | C16: 50 | F16: =C16-D16-E16 -> 50 | G16: C-Hub Product | H16: Penske | I16: see OneNote
A17: 16 | B17: Logistic support C/TMS | C17: 56 | E17: 56 | F17: =C17-D17-E17 -> 0 | G17: PDCL | I17: see OneNote | K17: Not concidered | O17: Refunding ögP | P17: 330
A18: 17 | B18: Operative logistics | C18: 35 | E18: 35 | F18: =C18-D18-E18 -> 0 | G18: PDCL | I18: see OneNote | L18: 35 | M18: muss auf die Logistik Kostenstell | O18: Budget cut CF02 | P18: 400
A19: 18 | B19: additiona MAE invest for higher Penske volume | C19: 10 | F19: =C19-D19-E19 -> 10 | G19: PDCL | K19: Not concidered | O19: ECP | P19: 300
A20: 19 | B20: CARB CTC Certification | C20: 170 | F20: =C20-D20-E20 -> 170 | G20: C-Hub Product | H20: Penske | O20: Service Improvements (Fleet Session xx.02.2026) | P20: 230
A21: 20 | B21: Antenna Homologation | C21: 60 | F21: =C21-D21-E21 -> 60 | G21: C-Hub Customers | H21: Penske | O21: Manual Monitoring Penske | P21: 50
A22: 21 | B22: Mexico Certification | C22: 50 | F22: =C22-D22-E22 -> 50 | G22: C-Hub Customers | H22: new customers | O22: Unplanned additional effort ViaScience | P22: 250
A23: Total | C23: =SUBTOTAL(109,Table10[Risk amount(k€)]) -> 4490 | D23: =SUBTOTAL(109,Table10[thereof included in Risk BP26 (BM-00107793_002)]) -> 470 | E23: =SUBTOTAL(109,Table10[Cost coverage ensured elsewhere]) -> 0 | F23: =SUBTOTAL(109,Table10[Remaining risk amount]) -> 4020 | L23: =SUBTOTAL(109,Table10[Column2]) -> 106 | O23: unplanned effort Heex | P23: 20
C24: =2138462.42211813-2080000 -> 58462.422 | O24: Propietary CAN Messages Volvo for Remodul | P24: 10
O25: Additional effort WoW | P25: 100
C26: =SUM(C2:C22) -> 5157 | D26: =SUM(D2:D25) -> 940 | G26: =C26-D26 -> 4217 | H26: =G26-C10-C11-C17 -> 4055 | J26: =840-420-250 -> 170 | O26: LTB eMMC | P26: =8*20 -> 160
O27: Penske additional effort secure cloud connection | P27: 50
O28: Operative logistics | P28: 35
O29: PPC
C30: =Table10[[#Totals],[Risk amount(k€)]]-D3-D9-D20 -> 4070 | G30: eigene Spalte --> Maßnahme/Finanzierung sichergestellt | O30: CARB CTC Certification | P30: 170
O31: Antenna Homologation | P31: 60
O32: Mexico Certification | P32: 50
P33: =SUM(P17:P32) -> 2215
B34: Bottom-up | C34: 9
B35: first measure to reduce budget demand | D35: -1.5
B36: BP26 pre-steering incl. measures | C36: 7.5
B37: Top down budget cut for BP26 and introduction of risks maintaned in Cust-Proj-Ext MCR plan (xxx) | D37: -2.08
B38: BP26 top-down | C38: 5.5
B39: Top down budget cut for CF02/CF05 | D39: -0.4
B40: CF02 | C40: 5.1
I41: =9-1.42-2.08 -> 5.5
B42: BizCase PRM | C42: 6.05
B48: Mapping of the YTD gap (as of 4-Apr-26) to the financial risks
B50: Task Name | C50: CF05 C-Hub PF | D50: Estimated at completion (based on YTD actuals, 4-Apr'26) | E50: Gap (Prognosis vs. Plan) | F50: Mapping to existing risk? | G50: Initial planned risk amount | H50: Delta planned risk amount vs. YTD gap | I50: Risk reasoning | J50: Risk status | K50: Realized risk amount | L50: Actual needed risk amount
B51: Stretch target (budget cut) | C51: -400000 | D51: 0 | E51: 400000 | F51: Budget cut CF02 | G51: 400000 | H51: =Table15[[#This Row],[Gap (Prognosis vs. Plan)]]-Table15[[#This Row],[Initial planned risk amount]] -> 0 | I51: No real cost saving measures for 400 K€ defined. | J51: Identified | L51: {=_xlfn.IFS(Table15[[#This Row],[Delta planned risk amount vs. YTD gap]]=0,Table15[[#This Row],[Initial planned risk amount]],Table15[[#This Row],[Delta planned risk amount vs. YTD gap]]<0,Table15[[#This Row],[Initial planned risk amount]]+Table15[[#This Row],[Delta planned risk amount vs. YTD gap]],Table15[[#This Row],[Delta planned risk amount vs. YTD gap]]>0,Table15[[#This Row],[Initial planned risk amount]]+Table15[[#This Row],[Delta planned risk amount vs. YTD gap]])} -> 400000
B52: Stretch target XC | C52: -343003.95 | D52: 0 | E52: 343003.95 | F52: BP26 (BM-00107793_002) -> C-Hub XC New Features | G52: 343003.95 | H52: =Table15[[#This Row],[Gap (Prognosis vs. Plan)]]-Table15[[#This Row],[Initial planned risk amount]] -> 0 | I52: No real cost saving measures for 343 K€ defined. | J52: Realized | K52: 56009.95 | L52: {=_xlfn.IFS(Table15[[#This Row],[Delta planned risk amount vs. YTD gap]]=0,Table15[[#This Row],[Initial planned risk amount]],Table15[[#This Row],[Delta planned risk amount vs. YTD gap]]<0,Table15[[#This Row],[Initial planned risk amount]]+Table15[[#This Row],[Delta planned risk amount vs. YTD gap]],Table15[[#This Row],[Delta planned risk amount vs. YTD gap]]>0,Table15[[#This Row],[Initial planned risk amount]]+Table15[[#This Row],[Delta planned risk amount vs. YTD gap]])} -> 343003.95
B53: PO for Cojali | C53: 180000 | D53: 332000 | E53: 152000 | F53: BP26 (BM-00107793_002)->VCS R&D | H53: =Table15[[#This Row],[Gap (Prognosis vs. Plan)]]-Table15[[#This Row],[Initial planned risk amount]] -> 152000 | I53: VCS total cost 1378 K€ | J53: Identified | L53: {=_xlfn.IFS(Table15[[#This Row],[Delta planned risk amount vs. YTD gap]]=0,Table15[[#This Row],[Initial planned risk amount]],Table15[[#This Row],[Delta planned risk amount vs. YTD gap]]<0,Table15[[#This Row],[Initial planned risk amount]]+Table15[[#This Row],[Delta planned risk amount vs. YTD gap]],Table15[[#This Row],[Delta planned risk amount vs. YTD gap]]>0,Table15[[#This Row],[Initial planned risk amount]]+Table15[[#This Row],[Delta planned risk amount vs. YTD gap]])} -> 152000
B54: VCS R&D | C54: 682500 | D54: 824000 | E54: 141500 | F54: BP26 (BM-00107793_002)->VCS R&D | G54: 292500 | H54: =Table15[[#This Row],[Gap (Prognosis vs. Plan)]]-Table15[[#This Row],[Initial planned risk amount]] -> -151000 | I54: VCS total cost 1378 K€ | J54: Identified | L54: {=_xlfn.IFS(Table15[[#This Row],[Delta planned risk amount vs. YTD gap]]=0,Table15[[#This Row],[Initial planned risk amount]],Table15[[#This Row],[Delta planned risk amount vs. YTD gap]]<0,Table15[[#This Row],[Initial planned risk amount]]+Table15[[#This Row],[Delta planned risk amount vs. YTD gap]],Table15[[#This Row],[Delta planned risk amount vs. YTD gap]]>0,Table15[[#This Row],[Initial planned risk amount]]+Table15[[#This Row],[Delta planned risk amount vs. YTD gap]])} -> 141500
B55: ETAS-MSS Cojali | C55: 150000 | D55: 277605 | E55: 127605 | F55: BP26 (BM-00107793_002)->ETAS-MSS Cojali | G55: 113000 | H55: =Table15[[#This Row],[Gap (Prognosis vs. Plan)]]-Table15[[#This Row],[Initial planned risk amount]] -> 14605 | J55: Realized | K55: =Table15[[#This Row],[Gap (Prognosis vs. Plan)]] -> 127605 | L55: {=_xlfn.IFS(Table15[[#This Row],[Delta planned risk amount vs. YTD gap]]=0,Table15[[#This Row],[Initial planned risk amount]],Table15[[#This Row],[Delta planned risk amount vs. YTD gap]]<0,Table15[[#This Row],[Initial planned risk amount]]+Table15[[#This Row],[Delta planned risk amount vs. YTD gap]],Table15[[#This Row],[Delta planned risk amount vs. YTD gap]]>0,Table15[[#This Row],[Initial planned risk amount]]+Table15[[#This Row],[Delta planned risk amount vs. YTD gap]])} -> 127605
B56: E2E System Team - SysArch - Requirements Eng. & System development | C56: 157197.33 | D56: 187708.69 | E56: 30511.36 | F56: Gap is not mapped to risk | H56: =Table15[[#This Row],[Gap (Prognosis vs. Plan)]]-Table15[[#This Row],[Initial planned risk amount]] -> 30511.36 | J56: Identified | L56: {=_xlfn.IFS(Table15[[#This Row],[Delta planned risk amount vs. YTD gap]]=0,Table15[[#This Row],[Initial planned risk amount]],Table15[[#This Row],[Delta planned risk amount vs. YTD gap]]<0,Table15[[#This Row],[Initial planned risk amount]]+Table15[[#This Row],[Delta planned risk amount vs. YTD gap]],Table15[[#This Row],[Delta planned risk amount vs. YTD gap]]>0,Table15[[#This Row],[Initial planned risk amount]]+Table15[[#This Row],[Delta planned risk amount vs. YTD gap]])} -> 30511.36
B57: Customer Cloud Integration / pre-development for VI integration | C57: 78598.667 | D57: 99491.889 | E57: 20893.222 | F57: Gap is not mapped to risk | H57: =Table15[[#This Row],[Gap (Prognosis vs. Plan)]]-Table15[[#This Row],[Initial planned risk amount]] -> 20893.222 | J57: Identified | L57: {=_xlfn.IFS(Table15[[#This Row],[Delta planned risk amount vs. YTD gap]]=0,Table15[[#This Row],[Initial planned risk amount]],Table15[[#This Row],[Delta planned risk amount vs. YTD gap]]<0,Table15[[#This Row],[Initial planned risk amount]]+Table15[[#This Row],[Delta planned risk amount vs. YTD gap]],Table15[[#This Row],[Delta planned risk amount vs. YTD gap]]>0,Table15[[#This Row],[Initial planned risk amount]]+Table15[[#This Row],[Delta planned risk amount vs. YTD gap]])} -> 20893.222
B58: Security Manager | C58: 19649.667 | D58: 29468.335 | E58: 9818.6681 | F58: Gap is not mapped to risk | H58: =Table15[[#This Row],[Gap (Prognosis vs. Plan)]]-Table15[[#This Row],[Initial planned risk amount]] -> 9818.6681 | J58: Identified | L58: {=_xlfn.IFS(Table15[[#This Row],[Delta planned risk amount vs. YTD gap]]=0,Table15[[#This Row],[Initial planned risk amount]],Table15[[#This Row],[Delta planned risk amount vs. YTD gap]]<0,Table15[[#This Row],[Initial planned risk amount]]+Table15[[#This Row],[Delta planned risk amount vs. YTD gap]],Table15[[#This Row],[Delta planned risk amount vs. YTD gap]]>0,Table15[[#This Row],[Initial planned risk amount]]+Table15[[#This Row],[Delta planned risk amount vs. YTD gap]])} -> 9818.6681
B59: Performing V&V | C59: 81437 | D59: 85415.614 | E59: 3978.6137 | F59: Gap is not mapped to risk | H59: =Table15[[#This Row],[Gap (Prognosis vs. Plan)]]-Table15[[#This Row],[Initial planned risk amount]] -> 3978.6137 | J59: Identified | L59: {=_xlfn.IFS(Table15[[#This Row],[Delta planned risk amount vs. YTD gap]]=0,Table15[[#This Row],[Initial planned risk amount]],Table15[[#This Row],[Delta planned risk amount vs. YTD gap]]<0,Table15[[#This Row],[Initial planned risk amount]]+Table15[[#This Row],[Delta planned risk amount vs. YTD gap]],Table15[[#This Row],[Delta planned risk amount vs. YTD gap]]>0,Table15[[#This Row],[Initial planned risk amount]]+Table15[[#This Row],[Delta planned risk amount vs. YTD gap]])} -> 3978.6137
B60: Product development lead | C60: 226865.1 | D60: 229309.13 | E60: 2444.026 | F60: Gap is not mapped to risk | H60: =Table15[[#This Row],[Gap (Prognosis vs. Plan)]]-Table15[[#This Row],[Initial planned risk amount]] -> 2444.026 | J60: Identified | L60: {=_xlfn.IFS(Table15[[#This Row],[Delta planned risk amount vs. YTD gap]]=0,Table15[[#This Row],[Initial planned risk amount]],Table15[[#This Row],[Delta planned risk amount vs. YTD gap]]<0,Table15[[#This Row],[Initial planned risk amount]]+Table15[[#This Row],[Delta planned risk amount vs. YTD gap]],Table15[[#This Row],[Delta planned risk amount vs. YTD gap]]>0,Table15[[#This Row],[Initial planned risk amount]]+Table15[[#This Row],[Delta planned risk amount vs. YTD gap]])} -> 2444.026
B61: Service Management | C61: 81435.784 | D61: 83713.807 | E61: 2278.0224 | F61: Gap is not mapped to risk | H61: =Table15[[#This Row],[Gap (Prognosis vs. Plan)]]-Table15[[#This Row],[Initial planned risk amount]] -> 2278.0224 | J61: Identified | L61: {=_xlfn.IFS(Table15[[#This Row],[Delta planned risk amount vs. YTD gap]]=0,Table15[[#This Row],[Initial planned risk amount]],Table15[[#This Row],[Delta planned risk amount vs. YTD gap]]<0,Table15[[#This Row],[Initial planned risk amount]]+Table15[[#This Row],[Delta planned risk amount vs. YTD gap]],Table15[[#This Row],[Delta planned risk amount vs. YTD gap]]>0,Table15[[#This Row],[Initial planned risk amount]]+Table15[[#This Row],[Delta planned risk amount vs. YTD gap]])} -> 2278.0224
B62: Partner Manager | C62: 40717.892 | D62: 42387.109 | E62: 1669.2169 | F62: BP26 (BM-00107793_002)->Partner Manager | G62: 40717.892 | H62: =Table15[[#This Row],[Gap (Prognosis vs. Plan)]]-Table15[[#This Row],[Initial planned risk amount]] -> -39048.675 | J62: Identified | L62: {=_xlfn.IFS(Table15[[#This Row],[Delta planned risk amount vs. YTD gap]]=0,Table15[[#This Row],[Initial planned risk amount]],Table15[[#This Row],[Delta planned risk amount vs. YTD gap]]<0,Table15[[#This Row],[Initial planned risk amount]]+Table15[[#This Row],[Delta planned risk amount vs. YTD gap]],Table15[[#This Row],[Delta planned risk amount vs. YTD gap]]>0,Table15[[#This Row],[Initial planned risk amount]]+Table15[[#This Row],[Delta planned risk amount vs. YTD gap]])} -> 1669.2169
B63: System Integration and Solution Architecture technical customer support | C63: 210721.5 | D63: 210795.75 | E63: 74.25 | F63: Gap is not mapped to risk | H63: =Table15[[#This Row],[Gap (Prognosis vs. Plan)]]-Table15[[#This Row],[Initial planned risk amount]] -> 74.25 | J63: Identified | L63: {=_xlfn.IFS(Table15[[#This Row],[Delta planned risk amount vs. YTD gap]]=0,Table15[[#This Row],[Initial planned risk amount]],Table15[[#This Row],[Delta planned risk amount vs. YTD gap]]<0,Table15[[#This Row],[Initial planned risk amount]]+Table15[[#This Row],[Delta planned risk amount vs. YTD gap]],Table15[[#This Row],[Delta planned risk amount vs. YTD gap]]>0,Table15[[#This Row],[Initial planned risk amount]]+Table15[[#This Row],[Delta planned risk amount vs. YTD gap]])} -> 74.25
B64: NA Team + other cost | C64: 423141.91 | D64: =423141.927536232*2 -> 846283.86 | E64: =Table15[[#This Row],[Estimated at completion (based on YTD actuals, 4-Apr''26)]]-Table15[[#This Row],[CF05 C-Hub PF]] -> 423141.94 | F64: BP26 (BM-00107793_002)->NA Team + other cost | G64: 423141.91 | H64: =Table15[[#This Row],[Gap (Prognosis vs. Plan)]]-Table15[[#This Row],[Initial planned risk amount]] -> 0.028985508 | J64: Identified | L64: {=_xlfn.IFS(Table15[[#This Row],[Delta planned risk amount vs. YTD gap]]=0,Table15[[#This Row],[Initial planned risk amount]],Table15[[#This Row],[Delta planned risk amount vs. YTD gap]]<0,Table15[[#This Row],[Initial planned risk amount]]+Table15[[#This Row],[Delta planned risk amount vs. YTD gap]],Table15[[#This Row],[Delta planned risk amount vs. YTD gap]]>0,Table15[[#This Row],[Initial planned risk amount]]+Table15[[#This Row],[Delta planned risk amount vs. YTD gap]])} -> 423141.94
B65: Series Logistics Concept | C65: 0 | D65: 0 | E65: 0 | F65: Currently no gap | H65: =Table15[[#This Row],[Gap (Prognosis vs. Plan)]]-Table15[[#This Row],[Initial planned risk amount]] -> 0 | L65: {=_xlfn.IFS(Table15[[#This Row],[Delta planned risk amount vs. YTD gap]]=0,Table15[[#This Row],[Initial planned risk amount]],Table15[[#This Row],[Delta planned risk amount vs. YTD gap]]<0,Table15[[#This Row],[Initial planned risk amount]]+Table15[[#This Row],[Delta planned risk amount vs. YTD gap]],Table15[[#This Row],[Delta planned risk amount vs. YTD gap]]>0,Table15[[#This Row],[Initial planned risk amount]]+Table15[[#This Row],[Delta planned risk amount vs. YTD gap]])} -> 0
B66: Data / rev. Eng. and AI | C66: 0 | D66: 0 | E66: 0 | F66: Currently no gap | H66: =Table15[[#This Row],[Gap (Prognosis vs. Plan)]]-Table15[[#This Row],[Initial planned risk amount]] -> 0 | L66: {=_xlfn.IFS(Table15[[#This Row],[Delta planned risk amount vs. YTD gap]]=0,Table15[[#This Row],[Initial planned risk amount]],Table15[[#This Row],[Delta planned risk amount vs. YTD gap]]<0,Table15[[#This Row],[Initial planned risk amount]]+Table15[[#This Row],[Delta planned risk amount vs. YTD gap]],Table15[[#This Row],[Delta planned risk amount vs. YTD gap]]>0,Table15[[#This Row],[Initial planned risk amount]]+Table15[[#This Row],[Delta planned risk amount vs. YTD gap]])} -> 0
B67: C-Hub XC - HW Change for RS-232, K-LINE | C67: 0 | D67: 0 | E67: 0 | F67: Currently no gap | H67: =Table15[[#This Row],[Gap (Prognosis vs. Plan)]]-Table15[[#This Row],[Initial planned risk amount]] -> 0 | L67: {=_xlfn.IFS(Table15[[#This Row],[Delta planned risk amount vs. YTD gap]]=0,Table15[[#This Row],[Initial planned risk amount]],Table15[[#This Row],[Delta planned risk amount vs. YTD gap]]<0,Table15[[#This Row],[Initial planned risk amount]]+Table15[[#This Row],[Delta planned risk amount vs. YTD gap]],Table15[[#This Row],[Delta planned risk amount vs. YTD gap]]>0,Table15[[#This Row],[Initial planned risk amount]]+Table15[[#This Row],[Delta planned risk amount vs. YTD gap]])} -> 0
B68: C-Hub XC New Features | C68: 0 | D68: 0 | E68: 0 | F68: Currently no gap | H68: =Table15[[#This Row],[Gap (Prognosis vs. Plan)]]-Table15[[#This Row],[Initial planned risk amount]] -> 0 | L68: {=_xlfn.IFS(Table15[[#This Row],[Delta planned risk amount vs. YTD gap]]=0,Table15[[#This Row],[Initial planned risk amount]],Table15[[#This Row],[Delta planned risk amount vs. YTD gap]]<0,Table15[[#This Row],[Initial planned risk amount]]+Table15[[#This Row],[Delta planned risk amount vs. YTD gap]],Table15[[#This Row],[Delta planned risk amount vs. YTD gap]]>0,Table15[[#This Row],[Initial planned risk amount]]+Table15[[#This Row],[Delta planned risk amount vs. YTD gap]])} -> 0
B69: Refunding for C-Hub XC ögP | C69: 0 | D69: 0 | E69: 0 | F69: Currently no gap | H69: =Table15[[#This Row],[Gap (Prognosis vs. Plan)]]-Table15[[#This Row],[Initial planned risk amount]] -> 0 | L69: {=_xlfn.IFS(Table15[[#This Row],[Delta planned risk amount vs. YTD gap]]=0,Table15[[#This Row],[Initial planned risk amount]],Table15[[#This Row],[Delta planned risk amount vs. YTD gap]]<0,Table15[[#This Row],[Initial planned risk amount]]+Table15[[#This Row],[Delta planned risk amount vs. YTD gap]],Table15[[#This Row],[Delta planned risk amount vs. YTD gap]]>0,Table15[[#This Row],[Initial planned risk amount]]+Table15[[#This Row],[Delta planned risk amount vs. YTD gap]])} -> 0
B70: BD Support (Cojali & CDK) | C70: 0 | D70: 0 | E70: 0 | F70: Currently no gap | H70: =Table15[[#This Row],[Gap (Prognosis vs. Plan)]]-Table15[[#This Row],[Initial planned risk amount]] -> 0 | L70: {=_xlfn.IFS(Table15[[#This Row],[Delta planned risk amount vs. YTD gap]]=0,Table15[[#This Row],[Initial planned risk amount]],Table15[[#This Row],[Delta planned risk amount vs. YTD gap]]<0,Table15[[#This Row],[Initial planned risk amount]]+Table15[[#This Row],[Delta planned risk amount vs. YTD gap]],Table15[[#This Row],[Delta planned risk amount vs. YTD gap]]>0,Table15[[#This Row],[Initial planned risk amount]]+Table15[[#This Row],[Delta planned risk amount vs. YTD gap]])} -> 0
B71: BD Support (Technical Documentation) | C71: 0 | D71: 0 | E71: 0 | F71: Currently no gap | H71: =Table15[[#This Row],[Gap (Prognosis vs. Plan)]]-Table15[[#This Row],[Initial planned risk amount]] -> 0 | L71: {=_xlfn.IFS(Table15[[#This Row],[Delta planned risk amount vs. YTD gap]]=0,Table15[[#This Row],[Initial planned risk amount]],Table15[[#This Row],[Delta planned risk amount vs. YTD gap]]<0,Table15[[#This Row],[Initial planned risk amount]]+Table15[[#This Row],[Delta planned risk amount vs. YTD gap]],Table15[[#This Row],[Delta planned risk amount vs. YTD gap]]>0,Table15[[#This Row],[Initial planned risk amount]]+Table15[[#This Row],[Delta planned risk amount vs. YTD gap]])} -> 0
B72: Customer integrations | C72: 0 | D72: 0 | E72: 0 | F72: BP26 (BM-00107793_002)->Customer integrations | G72: 250000 | H72: =Table15[[#This Row],[Gap (Prognosis vs. Plan)]]-Table15[[#This Row],[Initial planned risk amount]] -> -250000 | J72: Identified | L72: {=_xlfn.IFS(Table15[[#This Row],[Delta planned risk amount vs. YTD gap]]=0,Table15[[#This Row],[Initial planned risk amount]],Table15[[#This Row],[Delta planned risk amount vs. YTD gap]]<0,Table15[[#This Row],[Initial planned risk amount]]+Table15[[#This Row],[Delta planned risk amount vs. YTD gap]],Table15[[#This Row],[Delta planned risk amount vs. YTD gap]]>0,Table15[[#This Row],[Initial planned risk amount]]+Table15[[#This Row],[Delta planned risk amount vs. YTD gap]])} -> 0
B73: Installation App development | C73: 0 | D73: 0 | E73: 0 | F73: Currently no gap | H73: =Table15[[#This Row],[Gap (Prognosis vs. Plan)]]-Table15[[#This Row],[Initial planned risk amount]] -> 0 | L73: {=_xlfn.IFS(Table15[[#This Row],[Delta planned risk amount vs. YTD gap]]=0,Table15[[#This Row],[Initial planned risk amount]],Table15[[#This Row],[Delta planned risk amount vs. YTD gap]]<0,Table15[[#This Row],[Initial planned risk amount]]+Table15[[#This Row],[Delta planned risk amount vs. YTD gap]],Table15[[#This Row],[Delta planned risk amount vs. YTD gap]]>0,Table15[[#This Row],[Initial planned risk amount]]+Table15[[#This Row],[Delta planned risk amount vs. YTD gap]])} -> 0
B74: CVIT Partner Manager | C74: 98689.339 | D74: 98689.339 | E74: 0 | F74: Currently no gap | H74: =Table15[[#This Row],[Gap (Prognosis vs. Plan)]]-Table15[[#This Row],[Initial planned risk amount]] -> 0 | L74: {=_xlfn.IFS(Table15[[#This Row],[Delta planned risk amount vs. YTD gap]]=0,Table15[[#This Row],[Initial planned risk amount]],Table15[[#This Row],[Delta planned risk amount vs. YTD gap]]<0,Table15[[#This Row],[Initial planned risk amount]]+Table15[[#This Row],[Delta planned risk amount vs. YTD gap]],Table15[[#This Row],[Delta planned risk amount vs. YTD gap]]>0,Table15[[#This Row],[Initial planned risk amount]]+Table15[[#This Row],[Delta planned risk amount vs. YTD gap]])} -> 0
B75: Refunding for C-Hub main project ögP | C75: -330000 | D75: 0 | E75: 330000 | F75: Refunding ögP | G75: 330000 | H75: =Table15[[#This Row],[Gap (Prognosis vs. Plan)]]-Table15[[#This Row],[Initial planned risk amount]] -> 0 | J75: Identified | L75: {=_xlfn.IFS(Table15[[#This Row],[Delta planned risk amount vs. YTD gap]]=0,Table15[[#This Row],[Initial planned risk amount]],Table15[[#This Row],[Delta planned risk amount vs. YTD gap]]<0,Table15[[#This Row],[Initial planned risk amount]]+Table15[[#This Row],[Delta planned risk amount vs. YTD gap]],Table15[[#This Row],[Delta planned risk amount vs. YTD gap]]>0,Table15[[#This Row],[Initial planned risk amount]]+Table15[[#This Row],[Delta planned risk amount vs. YTD gap]])} -> 330000
B76: BD Support (PjM and Controlling) | C76: 578153.67 | D76: 578153.25 | E76: -0.418 | F76: Currently no gap | H76: =Table15[[#This Row],[Gap (Prognosis vs. Plan)]]-Table15[[#This Row],[Initial planned risk amount]] -> -0.418 | L76: {=_xlfn.IFS(Table15[[#This Row],[Delta planned risk amount vs. YTD gap]]=0,Table15[[#This Row],[Initial planned risk amount]],Table15[[#This Row],[Delta planned risk amount vs. YTD gap]]<0,Table15[[#This Row],[Initial planned risk amount]]+Table15[[#This Row],[Delta planned risk amount vs. YTD gap]],Table15[[#This Row],[Delta planned risk amount vs. YTD gap]]>0,Table15[[#This Row],[Initial planned risk amount]]+Table15[[#This Row],[Delta planned risk amount vs. YTD gap]])} -> -0.418
B77: Support BGSW (Arun) | C77: 19721.52 | D77: 19485.29 | E77: -236.22972 | F77: Gap is not mapped to risk | H77: =Table15[[#This Row],[Gap (Prognosis vs. Plan)]]-Table15[[#This Row],[Initial planned risk amount]] -> -236.22972 | J77: Identified | L77: {=_xlfn.IFS(Table15[[#This Row],[Delta planned risk amount vs. YTD gap]]=0,Table15[[#This Row],[Initial planned risk amount]],Table15[[#This Row],[Delta planned risk amount vs. YTD gap]]<0,Table15[[#This Row],[Initial planned risk amount]]+Table15[[#This Row],[Delta planned risk amount vs. YTD gap]],Table15[[#This Row],[Delta planned risk amount vs. YTD gap]]>0,Table15[[#This Row],[Initial planned risk amount]]+Table15[[#This Row],[Delta planned risk amount vs. YTD gap]])} -> -236.22972
B78: Managing V&V | C78: 81437 | D78: 81039.09 | E78: -397.90984 | F78: Gap is not mapped to risk | H78: =Table15[[#This Row],[Gap (Prognosis vs. Plan)]]-Table15[[#This Row],[Initial planned risk amount]] -> -397.90984 | J78: Identified | L78: {=_xlfn.IFS(Table15[[#This Row],[Delta planned risk amount vs. YTD gap]]=0,Table15[[#This Row],[Initial planned risk amount]],Table15[[#This Row],[Delta planned risk amount vs. YTD gap]]<0,Table15[[#This Row],[Initial planned risk amount]]+Table15[[#This Row],[Delta planned risk amount vs. YTD gap]],Table15[[#This Row],[Delta planned risk amount vs. YTD gap]]>0,Table15[[#This Row],[Initial planned risk amount]]+Table15[[#This Row],[Delta planned risk amount vs. YTD gap]])} -> -397.90984
B79: E2E System Team - Requirements Eng. & System development | C79: 52462.84 | D79: 51767.234 | E79: -695.6058 | F79: Gap is not mapped to risk | H79: =Table15[[#This Row],[Gap (Prognosis vs. Plan)]]-Table15[[#This Row],[Initial planned risk amount]] -> -695.6058 | J79: Identified | L79: {=_xlfn.IFS(Table15[[#This Row],[Delta planned risk amount vs. YTD gap]]=0,Table15[[#This Row],[Initial planned risk amount]],Table15[[#This Row],[Delta planned risk amount vs. YTD gap]]<0,Table15[[#This Row],[Initial planned risk amount]]+Table15[[#This Row],[Delta planned risk amount vs. YTD gap]],Table15[[#This Row],[Delta planned risk amount vs. YTD gap]]>0,Table15[[#This Row],[Initial planned risk amount]]+Table15[[#This Row],[Delta planned risk amount vs. YTD gap]])} -> -695.6058
B80: EPQ | C80: 26231.42 | D80: 24979.625 | E80: -1251.7951 | F80: Gap is not mapped to risk | H80: =Table15[[#This Row],[Gap (Prognosis vs. Plan)]]-Table15[[#This Row],[Initial planned risk amount]] -> -1251.7951 | J80: Identified | L80: {=_xlfn.IFS(Table15[[#This Row],[Delta planned risk amount vs. YTD gap]]=0,Table15[[#This Row],[Initial planned risk amount]],Table15[[#This Row],[Delta planned risk amount vs. YTD gap]]<0,Table15[[#This Row],[Initial planned risk amount]]+Table15[[#This Row],[Delta planned risk amount vs. YTD gap]],Table15[[#This Row],[Delta planned risk amount vs. YTD gap]]>0,Table15[[#This Row],[Initial planned risk amount]]+Table15[[#This Row],[Delta planned risk amount vs. YTD gap]])} -> -1251.7951
B81: Operations L1/L2 Incident/Problem/Monitoring | C81: 117898 | D81: 115803.34 | E81: -2094.6645 | F81: BP26 (BM-00107793_002)->Operations L1/L2 Incident/Problem/Monitoring | G81: 78598.667 | H81: =Table15[[#This Row],[Gap (Prognosis vs. Plan)]]-Table15[[#This Row],[Initial planned risk amount]] -> -80693.331 | J81: Identified | L81: {=_xlfn.IFS(Table15[[#This Row],[Delta planned risk amount vs. YTD gap]]=0,Table15[[#This Row],[Initial planned risk amount]],Table15[[#This Row],[Delta planned risk amount vs. YTD gap]]<0,Table15[[#This Row],[Initial planned risk amount]]+Table15[[#This Row],[Delta planned risk amount vs. YTD gap]],Table15[[#This Row],[Delta planned risk amount vs. YTD gap]]>0,Table15[[#This Row],[Initial planned risk amount]]+Table15[[#This Row],[Delta planned risk amount vs. YTD gap]])} -> -2094.6645
B82: Other cost / Lab, HW etc. | C82: 20000 | D82: 16870.367 | E82: -3129.6333 | F82: BP26 (BM-00107793_002)->Other cost / Lab, HW etc. | G82: 30000 | H82: =Table15[[#This Row],[Gap (Prognosis vs. Plan)]]-Table15[[#This Row],[Initial planned risk amount]] -> -33129.633 | J82: Identified | L82: {=_xlfn.IFS(Table15[[#This Row],[Delta planned risk amount vs. YTD gap]]=0,Table15[[#This Row],[Initial planned risk amount]],Table15[[#This Row],[Delta planned risk amount vs. YTD gap]]<0,Table15[[#This Row],[Initial planned risk amount]]+Table15[[#This Row],[Delta planned risk amount vs. YTD gap]],Table15[[#This Row],[Delta planned risk amount vs. YTD gap]]>0,Table15[[#This Row],[Initial planned risk amount]]+Table15[[#This Row],[Delta planned risk amount vs. YTD gap]])} -> -3129.6333
B83: Technical Docu Cluj | C83: 39299.333 | D83: 35292.433 | E83: -4006.9002 | F83: Gap is not mapped to risk | H83: =Table15[[#This Row],[Gap (Prognosis vs. Plan)]]-Table15[[#This Row],[Initial planned risk amount]] -> -4006.9002 | J83: Identified | L83: {=_xlfn.IFS(Table15[[#This Row],[Delta planned risk amount vs. YTD gap]]=0,Table15[[#This Row],[Initial planned risk amount]],Table15[[#This Row],[Delta planned risk amount vs. YTD gap]]<0,Table15[[#This Row],[Initial planned risk amount]]+Table15[[#This Row],[Delta planned risk amount vs. YTD gap]],Table15[[#This Row],[Delta planned risk amount vs. YTD gap]]>0,Table15[[#This Row],[Initial planned risk amount]]+Table15[[#This Row],[Delta planned risk amount vs. YTD gap]])} -> -4006.9002
B84: Service Operation EU - VI | C84: 25000 | D84: 18750 | E84: -6250 | F84: BP26 (BM-00107793_002)->Service Operation EU - VI | G84: 100000 | H84: =Table15[[#This Row],[Gap (Prognosis vs. Plan)]]-Table15[[#This Row],[Initial planned risk amount]] -> -106250 | J84: Identified | L84: {=_xlfn.IFS(Table15[[#This Row],[Delta planned risk amount vs. YTD gap]]=0,Table15[[#This Row],[Initial planned risk amount]],Table15[[#This Row],[Delta planned risk amount vs. YTD gap]]<0,Table15[[#This Row],[Initial planned risk amount]]+Table15[[#This Row],[Delta planned risk amount vs. YTD gap]],Table15[[#This Row],[Delta planned risk amount vs. YTD gap]]>0,Table15[[#This Row],[Initial planned risk amount]]+Table15[[#This Row],[Delta planned risk amount vs. YTD gap]])} -> -6250
B85: Service Operation NA - VI | C85: 25000 | D85: 18750 | E85: -6250 | F85: BP26 (BM-00107793_002)->Service Operation NA - VI | G85: 100000 | H85: =Table15[[#This Row],[Gap (Prognosis vs. Plan)]]-Table15[[#This Row],[Initial planned risk amount]] -> -106250 | J85: Identified | L85: {=_xlfn.IFS(Table15[[#This Row],[Delta planned risk amount vs. YTD gap]]=0,Table15[[#This Row],[Initial planned risk amount]],Table15[[#This Row],[Delta planned risk amount vs. YTD gap]]<0,Table15[[#This Row],[Initial planned risk amount]]+Table15[[#This Row],[Delta planned risk amount vs. YTD gap]],Table15[[#This Row],[Delta planned risk amount vs. YTD gap]]>0,Table15[[#This Row],[Initial planned risk amount]]+Table15[[#This Row],[Delta planned risk amount vs. YTD gap]])} -> -6250
B86: R&D at Cojali | C86: 60000 | D86: 50000 | E86: -10000 | F86: BP26 (BM-00107793_002)->R&D at Cojali | G86: 300000 | H86: =Table15[[#This Row],[Gap (Prognosis vs. Plan)]]-Table15[[#This Row],[Initial planned risk amount]] -> -310000 | J86: Identified | L86: {=_xlfn.IFS(Table15[[#This Row],[Delta planned risk amount vs. YTD gap]]=0,Table15[[#This Row],[Initial planned risk amount]],Table15[[#This Row],[Delta planned risk amount vs. YTD gap]]<0,Table15[[#This Row],[Initial planned risk amount]]+Table15[[#This Row],[Delta planned risk amount vs. YTD gap]],Table15[[#This Row],[Delta planned risk amount vs. YTD gap]]>0,Table15[[#This Row],[Initial planned risk amount]]+Table15[[#This Row],[Delta planned risk amount vs. YTD gap]])} -> -10000
B87: CDK development | C87: 78598.667 | D87: 66848.141 | E87: -11750.526 | F87: Gap is not mapped to risk | H87: =Table15[[#This Row],[Gap (Prognosis vs. Plan)]]-Table15[[#This Row],[Initial planned risk amount]] -> -11750.526 | J87: Identified | L87: {=_xlfn.IFS(Table15[[#This Row],[Delta planned risk amount vs. YTD gap]]=0,Table15[[#This Row],[Initial planned risk amount]],Table15[[#This Row],[Delta planned risk amount vs. YTD gap]]<0,Table15[[#This Row],[Initial planned risk amount]]+Table15[[#This Row],[Delta planned risk amount vs. YTD gap]],Table15[[#This Row],[Delta planned risk amount vs. YTD gap]]>0,Table15[[#This Row],[Initial planned risk amount]]+Table15[[#This Row],[Delta planned risk amount vs. YTD gap]])} -> -11750.526
B88: RM+RD config + Cojali + Pantaris configs | C88: 131061.51 | D88: 110716.23 | E88: -20345.272 | F88: Gap is not mapped to risk | H88: =Table15[[#This Row],[Gap (Prognosis vs. Plan)]]-Table15[[#This Row],[Initial planned risk amount]] -> -20345.272 | J88: Identified | L88: {=_xlfn.IFS(Table15[[#This Row],[Delta planned risk amount vs. YTD gap]]=0,Table15[[#This Row],[Initial planned risk amount]],Table15[[#This Row],[Delta planned risk amount vs. YTD gap]]<0,Table15[[#This Row],[Initial planned risk amount]]+Table15[[#This Row],[Delta planned risk amount vs. YTD gap]],Table15[[#This Row],[Delta planned risk amount vs. YTD gap]]>0,Table15[[#This Row],[Initial planned risk amount]]+Table15[[#This Row],[Delta planned risk amount vs. YTD gap]])} -> -20345.272
B89: System integration and performing V&V | C89: 196374.51 | D89: 172254.29 | E89: -24120.229 | F89: Gap is not mapped to risk | H89: =Table15[[#This Row],[Gap (Prognosis vs. Plan)]]-Table15[[#This Row],[Initial planned risk amount]] -> -24120.229 | J89: Identified | L89: {=_xlfn.IFS(Table15[[#This Row],[Delta planned risk amount vs. YTD gap]]=0,Table15[[#This Row],[Initial planned risk amount]],Table15[[#This Row],[Delta planned risk amount vs. YTD gap]]<0,Table15[[#This Row],[Initial planned risk amount]]+Table15[[#This Row],[Delta planned risk amount vs. YTD gap]],Table15[[#This Row],[Delta planned risk amount vs. YTD gap]]>0,Table15[[#This Row],[Initial planned risk amount]]+Table15[[#This Row],[Delta planned risk amount vs. YTD gap]])} -> -24120.229
B90: MA for vehicle configuration | C90: 210000 | D90: 184135.01 | E90: -25864.99 | F90: BP26 (BM-00107793_002)->MA for vehicle configuration | G90: 67500 | H90: =Table15[[#This Row],[Gap (Prognosis vs. Plan)]]-Table15[[#This Row],[Initial planned risk amount]] -> -93364.99 | J90: Identified | L90: {=_xlfn.IFS(Table15[[#This Row],[Delta planned risk amount vs. YTD gap]]=0,Table15[[#This Row],[Initial planned risk amount]],Table15[[#This Row],[Delta planned risk amount vs. YTD gap]]<0,Table15[[#This Row],[Initial planned risk amount]]+Table15[[#This Row],[Delta planned risk amount vs. YTD gap]],Table15[[#This Row],[Delta planned risk amount vs. YTD gap]]>0,Table15[[#This Row],[Initial planned risk amount]]+Table15[[#This Row],[Delta planned risk amount vs. YTD gap]])} -> -25864.99
B91: C-Hub XC Series Care_005 | C91: 611000 | D91: 569604.27 | E91: -41395.729 | F91: Gap is not mapped to risk | H91: =Table15[[#This Row],[Gap (Prognosis vs. Plan)]]-Table15[[#This Row],[Initial planned risk amount]] -> -41395.729 | J91: Identified | L91: {=_xlfn.IFS(Table15[[#This Row],[Delta planned risk amount vs. YTD gap]]=0,Table15[[#This Row],[Initial planned risk amount]],Table15[[#This Row],[Delta planned risk amount vs. YTD gap]]<0,Table15[[#This Row],[Initial planned risk amount]]+Table15[[#This Row],[Delta planned risk amount vs. YTD gap]],Table15[[#This Row],[Delta planned risk amount vs. YTD gap]]>0,Table15[[#This Row],[Initial planned risk amount]]+Table15[[#This Row],[Delta planned risk amount vs. YTD gap]])} -> -41395.729
B92: C-Hub XC Series Care_004 | C92: 1095000 | D92: 975412.03 | E92: -119587.97 | F92: Gap is not mapped to risk | H92: =Table15[[#This Row],[Gap (Prognosis vs. Plan)]]-Table15[[#This Row],[Initial planned risk amount]] -> -119587.97 | J92: Identified | L92: {=_xlfn.IFS(Table15[[#This Row],[Delta planned risk amount vs. YTD gap]]=0,Table15[[#This Row],[Initial planned risk amount]],Table15[[#This Row],[Delta planned risk amount vs. YTD gap]]<0,Table15[[#This Row],[Initial planned risk amount]]+Table15[[#This Row],[Delta planned risk amount vs. YTD gap]],Table15[[#This Row],[Delta planned risk amount vs. YTD gap]]>0,Table15[[#This Row],[Initial planned risk amount]]+Table15[[#This Row],[Delta planned risk amount vs. YTD gap]])} -> -119587.97
B93: VCS SW maintance | C93: 370000 | D93: 222000 | E93: -148000 | F93: BP26 (BM-00107793_002)->VCS R&D | H93: =Table15[[#This Row],[Gap (Prognosis vs. Plan)]]-Table15[[#This Row],[Initial planned risk amount]] -> -148000 | I93: VCS total cost 1378 K€ | J93: Identified | L93: {=_xlfn.IFS(Table15[[#This Row],[Delta planned risk amount vs. YTD gap]]=0,Table15[[#This Row],[Initial planned risk amount]],Table15[[#This Row],[Delta planned risk amount vs. YTD gap]]<0,Table15[[#This Row],[Initial planned risk amount]]+Table15[[#This Row],[Delta planned risk amount vs. YTD gap]],Table15[[#This Row],[Delta planned risk amount vs. YTD gap]]>0,Table15[[#This Row],[Initial planned risk amount]]+Table15[[#This Row],[Delta planned risk amount vs. YTD gap]])} -> -148000
B94: Financial risk - not planned in MCR | D94: 230000 | E94: =Table15[[#This Row],[Estimated at completion (based on YTD actuals, 4-Apr''26)]]-Table15[[#This Row],[CF05 C-Hub PF]] -> 230000 | F94: Service Improvements (Fleet Session 02.2026) | G94: 230000 | H94: 0 | J94: Identified | L94: {=_xlfn.IFS(Table15[[#This Row],[Delta planned risk amount vs. YTD gap]]=0,Table15[[#This Row],[Initial planned risk amount]],Table15[[#This Row],[Delta planned risk amount vs. YTD gap]]<0,Table15[[#This Row],[Initial planned risk amount]]+Table15[[#This Row],[Delta planned risk amount vs. YTD gap]],Table15[[#This Row],[Delta planned risk amount vs. YTD gap]]>0,Table15[[#This Row],[Initial planned risk amount]]+Table15[[#This Row],[Delta planned risk amount vs. YTD gap]])} -> 230000
B95: Financial risk - not planned in MCR | D95: 100000 | E95: =Table15[[#This Row],[Estimated at completion (based on YTD actuals, 4-Apr''26)]]-Table15[[#This Row],[CF05 C-Hub PF]] -> 100000 | F95: Unplanned additional effort ViaScience | G95: 100000 | H95: 0 | J95: Identified | L95: {=_xlfn.IFS(Table15[[#This Row],[Delta planned risk amount vs. YTD gap]]=0,Table15[[#This Row],[Initial planned risk amount]],Table15[[#This Row],[Delta planned risk amount vs. YTD gap]]<0,Table15[[#This Row],[Initial planned risk amount]]+Table15[[#This Row],[Delta planned risk amount vs. YTD gap]],Table15[[#This Row],[Delta planned risk amount vs. YTD gap]]>0,Table15[[#This Row],[Initial planned risk amount]]+Table15[[#This Row],[Delta planned risk amount vs. YTD gap]])} -> 100000
B96: Financial risk - not planned in MCR | D96: 10000 | E96: =Table15[[#This Row],[Estimated at completion (based on YTD actuals, 4-Apr''26)]]-Table15[[#This Row],[CF05 C-Hub PF]] -> 10000 | F96: Propietary CAN Messages Volvo for Remodul | G96: 10000 | H96: 0 | J96: Realized | K96: 25000 | L96: {=_xlfn.IFS(Table15[[#This Row],[Delta planned risk amount vs. YTD gap]]=0,Table15[[#This Row],[Initial planned risk amount]],Table15[[#This Row],[Delta planned risk amount vs. YTD gap]]<0,Table15[[#This Row],[Initial planned risk amount]]+Table15[[#This Row],[Delta planned risk amount vs. YTD gap]],Table15[[#This Row],[Delta planned risk amount vs. YTD gap]]>0,Table15[[#This Row],[Initial planned risk amount]]+Table15[[#This Row],[Delta planned risk amount vs. YTD gap]])} -> 10000
B97: Financial risk - not planned in MCR | D97: 100000 | E97: =Table15[[#This Row],[Estimated at completion (based on YTD actuals, 4-Apr''26)]]-Table15[[#This Row],[CF05 C-Hub PF]] -> 100000 | F97: Additional effort WoW | G97: 100000 | H97: 0 | J97: Realized | K97: 50000 | L97: {=_xlfn.IFS(Table15[[#This Row],[Delta planned risk amount vs. YTD gap]]=0,Table15[[#This Row],[Initial planned risk amount]],Table15[[#This Row],[Delta planned risk amount vs. YTD gap]]<0,Table15[[#This Row],[Initial planned risk amount]]+Table15[[#This Row],[Delta planned risk amount vs. YTD gap]],Table15[[#This Row],[Delta planned risk amount vs. YTD gap]]>0,Table15[[#This Row],[Initial planned risk amount]]+Table15[[#This Row],[Delta planned risk amount vs. YTD gap]])} -> 100000
B98: Financial risk - not planned in MCR | D98: 50000 | E98: =Table15[[#This Row],[Estimated at completion (based on YTD actuals, 4-Apr''26)]]-Table15[[#This Row],[CF05 C-Hub PF]] -> 50000 | F98: Penske additional effort secure cloud connection | G98: 50000 | H98: 0 | J98: Identified | L98: {=_xlfn.IFS(Table15[[#This Row],[Delta planned risk amount vs. YTD gap]]=0,Table15[[#This Row],[Initial planned risk amount]],Table15[[#This Row],[Delta planned risk amount vs. YTD gap]]<0,Table15[[#This Row],[Initial planned risk amount]]+Table15[[#This Row],[Delta planned risk amount vs. YTD gap]],Table15[[#This Row],[Delta planned risk amount vs. YTD gap]]>0,Table15[[#This Row],[Initial planned risk amount]]+Table15[[#This Row],[Delta planned risk amount vs. YTD gap]])} -> 50000
B99: Financial risk - not planned in MCR | D99: 170000 | E99: =Table15[[#This Row],[Estimated at completion (based on YTD actuals, 4-Apr''26)]]-Table15[[#This Row],[CF05 C-Hub PF]] -> 170000 | F99: CARB CTC Certification | G99: 170000 | H99: 0 | J99: Identified | L99: {=_xlfn.IFS(Table15[[#This Row],[Delta planned risk amount vs. YTD gap]]=0,Table15[[#This Row],[Initial planned risk amount]],Table15[[#This Row],[Delta planned risk amount vs. YTD gap]]<0,Table15[[#This Row],[Initial planned risk amount]]+Table15[[#This Row],[Delta planned risk amount vs. YTD gap]],Table15[[#This Row],[Delta planned risk amount vs. YTD gap]]>0,Table15[[#This Row],[Initial planned risk amount]]+Table15[[#This Row],[Delta planned risk amount vs. YTD gap]])} -> 170000
B100: Financial risk - not planned in MCR | D100: 60000 | E100: =Table15[[#This Row],[Estimated at completion (based on YTD actuals, 4-Apr''26)]]-Table15[[#This Row],[CF05 C-Hub PF]] -> 60000 | F100: Antenna Homologation | G100: 60000 | H100: 0 | J100: Identified | L100: {=_xlfn.IFS(Table15[[#This Row],[Delta planned risk amount vs. YTD gap]]=0,Table15[[#This Row],[Initial planned risk amount]],Table15[[#This Row],[Delta planned risk amount vs. YTD gap]]<0,Table15[[#This Row],[Initial planned risk amount]]+Table15[[#This Row],[Delta planned risk amount vs. YTD gap]],Table15[[#This Row],[Delta planned risk amount vs. YTD gap]]>0,Table15[[#This Row],[Initial planned risk amount]]+Table15[[#This Row],[Delta planned risk amount vs. YTD gap]])} -> 60000
B101: Financial risk - not planned in MCR | D101: 50000 | E101: =Table15[[#This Row],[Estimated at completion (based on YTD actuals, 4-Apr''26)]]-Table15[[#This Row],[CF05 C-Hub PF]] -> 50000 | F101: Mexico Certification | G101: 50000 | H101: 0 | J101: Identified | L101: {=_xlfn.IFS(Table15[[#This Row],[Delta planned risk amount vs. YTD gap]]=0,Table15[[#This Row],[Initial planned risk amount]],Table15[[#This Row],[Delta planned risk amount vs. YTD gap]]<0,Table15[[#This Row],[Initial planned risk amount]]+Table15[[#This Row],[Delta planned risk amount vs. YTD gap]],Table15[[#This Row],[Delta planned risk amount vs. YTD gap]]>0,Table15[[#This Row],[Initial planned risk amount]]+Table15[[#This Row],[Delta planned risk amount vs. YTD gap]])} -> 50000
B102: Financial risk - not planned in MCR | D102: 420000 | E102: =Table15[[#This Row],[Estimated at completion (based on YTD actuals, 4-Apr''26)]]-Table15[[#This Row],[CF05 C-Hub PF]] -> 420000 | F102: NA (currently not booking) | G102: 420000 | H102: 0 | J102: Identified | L102: {=_xlfn.IFS(Table15[[#This Row],[Delta planned risk amount vs. YTD gap]]=0,Table15[[#This Row],[Initial planned risk amount]],Table15[[#This Row],[Delta planned risk amount vs. YTD gap]]<0,Table15[[#This Row],[Initial planned risk amount]]+Table15[[#This Row],[Delta planned risk amount vs. YTD gap]],Table15[[#This Row],[Delta planned risk amount vs. YTD gap]]>0,Table15[[#This Row],[Initial planned risk amount]]+Table15[[#This Row],[Delta planned risk amount vs. YTD gap]])} -> 420000
B103: Grand Total | C103: =SUBTOTAL(9,C51:C102) -> 5095188.7 | D103: =SUBTOTAL(9,D51:D102) -> 7848729.1 | E103: =SUBTOTAL(9,E51:E102) -> 2753540.4 | G103: =SUBTOTAL(9,G51:G102) -> 4058462.4 | H103: =SUBTOTAL(9,H51:H102) -> -1304922 | K103: =SUBTOTAL(9,K51:K102) -> 258614.95 | L103: =SUBTOTAL(9,L51:L102) -> 2753540.4
E105: =C103+E103 -> 7848729.1
L106: =L103+C103 -> 7848729.1
B108: Mapping Financial risk <-> Task | C108: Sum of Gap (Prognosis vs. Plan) | D108: Sum of Exisitng risk amount | E108: Sum of Uncovered risk amount
...

Sheet Cost tracking chart
B1: Actuals | C1: Actuals | D1: Prognosis | E1: Prognosis | F1: Prognosis | G1: Prognosis | H1: Prognosis | I1: Prognosis | J1: Prognosis | K1: Prognosis | L1: Prognosis | M1: Prognosis | Q1: Act Mar-25 | R1: Act Apr-25 | S1: Act May-25 | T1: Act Jun-25 | U1: Act Jul-25 | V1: Act Aug-25 | W1: Act Sep-25 | X1: Act Oct-25 | Y1: Act Nov-25 | Z1: Act Dec-25
A2: Cumulative actuals | B2: Jan-26 | C2: Feb-26 | D2: Mar-26 | E2: Apr-26 | F2: May-26 | G2: Jun-26 | H2: Jul-26 | I2: Aug-26 | J2: Sep-26 | K2: Oct-26 | L2: Nov-26 | M2: Dec-26 | Q2: 23333.333 | R2: 23333.333 | S2: 23333.333 | T2: 23333.333 | U2: 23333.333 | V2: 23333.333 | W2: 23333.333 | AA2: =SUM(Q2:Z4) -> 213333.33 | AB2: =AA2/9 -> 23703.704
A3: C-Hub Actuals (BM-00110021_001) | B3: =SUMIF('BP2026_Archive (21Apr26)'!$C:$C,"=BM-00110021_002",'BP2026_Archive (21Apr26)'!W:W)+SUMIF('BP2026_Archive (21Apr26)'!$C:$C,"=BM-00110021_003",'BP2026_Archive (21Apr26)'!W:W)+SUMIF('BP2026_Archive (21Apr26)'!$C:$C,"=BM-00110021_004",'BP2026_Archive (21Apr26)'!W:W)+SUMIF('BP2026_Archive (21Apr26)'!$C:$C,"=BM-00110021_005",'BP2026_Archive (21Apr26)'!W:W)-SUMIF('BP2026_Archive (21Apr26)'!$H:$H,"=Manually added cost",'BP2026_Archive (21Apr26)'!W:W) -> 216492.3 | C3: =Table11[[#This Row],[Jan-26]]+SUMIF('BP2026_Archive (21Apr26)'!$C:$C,"=BM-00110021_002",'BP2026_Archive (21Apr26)'!X:X)+SUMIF('BP2026_Archive (21Apr26)'!$C:$C,"=BM-00110021_003",'BP2026_Archive (21Apr26)'!X:X)+SUMIF('BP2026_Archive (21Apr26)'!$C:$C,"=BM-00110021_004",'BP2026_Archive (21Apr26)'!X:X)+SUMIF('BP2026_Archive (21Apr26)'!$C:$C,"=BM-00110021_005",'BP2026_Archive (21Apr26)'!X:X)-SUMIF('BP2026_Archive (21Apr26)'!$H:$H,"=Manually added cost",'BP2026_Archive (21Apr26)'!X:X) -> 540087.18 | D3: =Table11[[#This Row],[Feb-26]]+SUMIF('BP2026_Archive (21Apr26)'!$C:$C,"=BM-00110021_002",'BP2026_Archive (21Apr26)'!Y:Y)+SUMIF('BP2026_Archive (21Apr26)'!$C:$C,"=BM-00110021_003",'BP2026_Archive (21Apr26)'!Y:Y)+SUMIF('BP2026_Archive (21Apr26)'!$C:$C,"=BM-00110021_004",'BP2026_Archive (21Apr26)'!Y:Y)+SUMIF('BP2026_Archive (21Apr26)'!$C:$C,"=BM-00110021_005",'BP2026_Archive (21Apr26)'!Y:Y)-SUMIF('BP2026_Archive (21Apr26)'!$H:$H,"=Manually added cost",'BP2026_Archive (21Apr26)'!Y:Y) -> 1379756.9 | Q3: 0 | R3: 0 | S3: 0 | T3: 0 | U3: 0 | V3: 0 | W3: 0 | X3: 0 | Y3: 0 | Z3: 0 | AB3: 23703.704
A4: Actuals not yet transferred to MCR | B4: =SUMIF('BP2026_Archive (21Apr26)'!$H:$H,"=Manually added cost",'BP2026_Archive (21Apr26)'!W:W) -> 65439.795 | C4: =Table11[[#This Row],[Jan-26]]+SUMIF('BP2026_Archive (21Apr26)'!$H:$H,"=Manually added cost",'BP2026_Archive (21Apr26)'!X:X) -> 108925.74 | D4: =Table11[[#This Row],[Feb-26]]+SUMIF('BP2026_Archive (21Apr26)'!$H:$H,"=Manually added cost",'BP2026_Archive (21Apr26)'!Y:Y) -> 180226.68 | Q4: 50000
A5: C-Hub All Actuals (incl. not yet transferred) | B5: =SUM(B3:B4) -> 281932.1 | C5: =SUM(C3:C4) -> 649012.92 | D5: =SUM(D3:D4) -> 1559983.5 | E5: =SUM(E3:E4) -> 0 | F5: =SUM(F3:F4) -> 0 | G5: =SUM(G3:G4) -> 0 | H5: =SUM(H3:H4) -> 0 | I5: =SUM(I3:I4) -> 0 | ... M5: =SUM(M3:M4) -> 0 | Q5: =SUM(Q2:Q4) -> 73333.333 | R5: =SUM(R2:R4) -> 23333.333 | S5: =SUM(S2:S4) -> 23333.333 | T5: =SUM(T2:T4) -> 23333.333 | U5: =SUM(U2:U4) -> 23333.333 | V5: =SUM(V2:V4) -> 23333.333 | W5: =SUM(W2:W4) -> 23333.333 | X5: =SUM(X2:X4) -> 0 | ... Z5: =SUM(Z2:Z4) -> 0
A6: Plan CF02 (BM-00110021_001) | B6: =Table11[[#This Row],[Dec-26]]/12 -> 407099.06 | C6: =B6+$M$6/12 -> 814198.12 | D6: =C6+$M$6/12 -> 1221297.2 | E6: =D6+$M$6/12 -> 1628396.2 | F6: =E6+$M$6/12 -> 2035495.3 | G6: =F6+$M$6/12 -> 2442594.4 | H6: =G6+$M$6/12 -> 2849693.4 | I6: =H6+$M$6/12 -> 3256792.5 | J6: =I6+$M$6/12 -> 3663891.5 | ... L6: =K6+$M$6/12 -> 4478089.7 | M6: =Table42610[[#Totals],[BAC (CF05 Plan)]] -> 4885188.7 | Q6: 23703.704 | R6: 23703.704 | S6: 23703.704 | T6: 23703.704 | U6: 23703.704 | V6: 23703.704 | W6: 23703.704 | X6: 23703.704 | Y6: 23703.704
A7: Prognosis 2026 (based on YTD actuals) | E7: =4*Table11[[#This Row],[Dec-26]]/12 -> #REF! | F7: =5*Table11[[#This Row],[Dec-26]]/12 -> #REF! | G7: =6*Table11[[#This Row],[Dec-26]]/12 -> #REF! | H7: =7*Table11[[#This Row],[Dec-26]]/12 -> #REF! | I7: =8*Table11[[#This Row],[Dec-26]]/12 -> #REF! | J7: =9*Table11[[#This Row],[Dec-26]]/12 -> #REF! | K7: =10*Table11[[#This Row],[Dec-26]]/12 -> #REF! | L7: =11*Table11[[#This Row],[Dec-26]]/12 -> #REF! | M7: =Table42610[[#Totals],[EAC (based on YTD actuals)]] -> #REF! | Q7: =Q5-Q6 -> 49629.63 | R7: =R5-R6 -> -370.37037 | S7: =S5-S6 -> -370.37037 | T7: =T5-T6 -> -370.37037 | U7: =U5-U6 -> -370.37037 | V7: =V5-V6 -> -370.37037 | W7: =W5-W6 -> -370.37037 | X7: =X5-X6 -> -23703.704 | ... Z7: =Z5-Z6 -> 0
A8: Gap (Actuals vs Plan), in € | B8: =B5-B6 -> -125166.96 | C8: =C5-C6 -> -165185.2 | D8: =D5-D6 -> 338686.36 | E8: =E5-E6 -> -1628396.2 | F8: =F5-F6 -> -2035495.3 | G8: =G5-G6 -> -2442594.4 | H8: =H5-H6 -> -2849693.4 | I8: =I5-I6 -> -3256792.5 | ... M8: =M5-M6 -> -4885188.7 | Q8: 49629.63 | R8: -370.37037 | S8: -370.37037 | T8: -370.37037 | U8: -370.37037 | V8: -370.37037 | W8: -370.37037 | X8: -23703.704 | Y8: -23703.704 | Z8: 0
A9: Gap (Prognosis vs Plan), in % | B9: =B8/B6 -> -0.30746071 | C9: =C8/C6 -> -0.20288085 | D9: =D8/D6 -> 0.27731691
A10: Customer ext. project (BM-00107793_002) | M10: =Table42610[[#Totals],[CF05 C-Hub Cust Ext]] -> 2070962.4
A11: Financial risks | M11: 700000
M12: =M6+M10+M11 -> 7656151.1
M13: 7848729.1
C14: =C5/2*12 -> 3894077.5
C15: 6200939 | M15: =Table11[[#Totals],[Dec-26]]-M13 -> -192577.98

Sheet Dashboards
A1: New MCR ID | B1: (All)
A3: Task Name (all sub-projects) | B3: Sum of CF05 C-Hub PF | C3: Estimated at completion (Gap as number) | D3: Gap (Prognosis vs. Plan)
A4: Stretch target (budget cut) | B4: -400000 | C4: 0 | D4: 400000
A5: Stretch target XC | B5: -343003.95 | C5: 0 | D5: 343003.95
A6: PO for Cojali | B6: 180000 | C6: 332000 | D6: 152000
A7: VCS R&D | B7: 682500 | C7: 824000 | D7: 141500
A8: ETAS-MSS Cojali | B8: 150000 | C8: 277605 | D8: 127605
A9: E2E System Team - SysArch - Requirements Eng. & System development | B9: 157197.33 | C9: 187708.69 | D9: 30511.36
A10: Customer Cloud Integration / pre-development for VI integration | B10: 78598.667 | C10: 99491.889 | D10: 20893.222
A11: Security Manager | B11: 19649.667 | C11: 29468.335 | D11: 9818.6681
A12: Performing V&V | B12: 81437 | C12: 85415.614 | D12: 3978.6137
A13: Product development lead | B13: 226865.1 | C13: 229309.13 | D13: 2444.026
A14: Service Management | B14: 81435.784 | C14: 83713.807 | D14: 2278.0224
A15: Partner Manager | B15: 40717.892 | C15: 42387.109 | D15: 1669.2169
... A47: Grand Total | B47: 5095188.7 | C47: 5905587.2 | D47: 810398.47
A59: XC only | B59: Sum of CF05 C-Hub PF | C59: Prognosis (based on YTD actuals) | D59: Gap (Porgnosis vs. Plan)
A60: XC | B60: 1362996 | C60: 1545016.3 | D60: 182020.25
A61: C-Hub XC - HW Change for RS-232, K-LINE | B61: 0 | C61: 0 | D61: 0
A62: C-Hub XC New Features | B62: 0 | C62: 0 | D62: 0
A63: C-Hub XC Series Care_004 | B63: 1095000 | C63: 975412.03 | D63: -119587.97
A64: C-Hub XC Series Care_005 | B64: 611000 | C64: 569604.27 | D64: -41395.729
A65: Stretch target XC | B65: -343003.95 | C65: 0 | D65: 343003.95
A66: Grand Total | B66: 1362996 | C66: 1545016.3 | D66: 182020.25
A75: VCS only | B75: Sum of CF05 C-Hub PF | C75: Prognosis (based on YTD actuals) | D75: Gap (Porgnosis vs. Plan)
A76: VCS | B76: 1232500 | C76: 1378000 | D76: 145500
A77: PO for Cojali | B77: 180000 | C77: 332000 | D77: 152000
A78: VCS R&D | B78: 682500 | C78: 824000 | D78: 141500
A79: VCS SW maintance | B79: 370000 | C79: 222000 | D79: -148000
A80: Grand Total | B80: 1232500 | C80: 1378000 | D80: 145500
A87: Cost tracking by "New Team bucket" | B87: Sum of CF05 C-Hub PF | C87: Sum of EAC (based on YTD actuals) | D87: Gap (Porgnosis vs. Plan)
A88: Container App Development | B88: 78598.667 | C88: 66848.141 | D88: -11750.526
A89: HW & BSW | B89: 1706000 | C89: 1545016.3 | D89: -160983.7
A90: NA ENG Team | B90: 423141.91 | C90: 423141.93 | D90: 0.014492754
A91: Partner Management | B91: 40717.892 | C91: 42387.109 | D91: 1669.2169
A92: Premium Multi-Brand Data | B92: 180000 | C92: 332000 | D92: 152000
A93: Refunding | B93: -330000 | C93: -330000 | D93: 0
A94: Service Delivery OPS & Support | B94: 541116.79 | C94: 561572.02 | D94: 20455.224
A95: Stretch target | B95: -743003.95 | C95: 0 | D95: 743003.95
A96: Supporting Functions | B96: 65602.607 | C96: 73933.25 | D96: 8330.6433
A97: Sys-Integration & Testing | B97: 625412.95 | C97: 603310.55 | D97: -22102.399
A98: System Eng. & Feature Owners | B98: 209660.17 | C98: 239475.93 | D98: 29815.754
A99: (blank) | B99: 2297941.7 | C99: 2347902 | D99: 49960.292
A100: Grand Total | B100: 5095188.7 | C100: 5905587.2 | D100: 810398.47

Sheet Final input Arun 002&003
A1: New MCR ID | B1: Task name | C1: Resource group | D1: Orga | E1: Orga new | F1: Cost type | G1: Person booking | H1: Hrs | I1: Amount
A2: BM-00110021_003 | B2: Refunding for C-Hub main project ögP | C2: PS-SC/CE-EU, CE-PE Publicly Funded Project - Refunding | F2: Refunding | G2: (blank) | I2: -330000
A3: BM-00110021_002 | B3: Customer integrations | C3: PS-SC/PAC Other Costs | D3: PA-CS | E3: PA-CS | F3: Other cost | G3: assumtption: 10 customer á 80k€ | I3: 0
A4: BM-00110021_002 | B4: MA for vehicle configuration | C4: PS-SC/PAC Other Costs | D4: ETAS | E4: ETAS | F4: Other cost | G4: Dirk needed for tranfer to PS | I4: 202500
A5: BM-00110021_002 | B5: RM+RD config + Cojali + Pantaris configs | C5: PS-SC/EDS_PS-SC EDS_PS-SC_XPS | D5: Cluj | E5: Cluj | F5: Personnel cost | G5: tbd | H5: 1496 | I5: 78598.667
A6: BM-00110021_002 | B6: RM+RD config + Cojali + Pantaris configs | C6: MS/ECP-PS-IN_iGPM SW-Services_DP | D6: IN | E6: IN | F6: Personnel cost | G6: Dhingra, Manish | H6: 1871 | I6: 52469
A7: BM-00110021_002 | B7: Data / rev. Eng. and AI | C7: PS-SC/PAC Other Costs | D7: PA-CS | E7: PA-CS | F7: Other cost | G7: (blank) | I7: 0
A8: BM-00110021_002 | B8: Series Logistics Concept | C8: PS-SC/PAC Other Costs | D8: M | E8: M | F8: Other cost | G8: (blank) | I8: 0
A9: BM-00110021_002 | B9: NA Team + other cost | C9: PS-SC/EBR-NA SW Eng | D9: PA-CS/NA | E9: PA-CS/NA | F9: Personnel cost | H9: 3720 | I9: 423141.91
A10: BM-00110021_002 | B10: VCS SW maintance | C10: PS-SC/PAC Other Costs | D10: VCS | E10: VCS | F10: Other cost | G10: (blank) | I10: 370000
A11: BM-00110021_002 | B11: System integration and performing V&V | C11: PS-SC/XPS PS-SC XPS development | D11: PA-CS | E11: PA-CS | F11: Personnel cost | G11: Patrick, has not booked yet. | H11: 721 | I11: 124588.8
A12: BM-00110021_002 | B12: Operations L1/L2 Incident/Problem/Monitoring | C12: PS-SC/EDS_PS-SC EDS_PS-SC_XPS | D12: Cluj | E12: Cluj | F12: Personnel cost | G12: Sorina + tbd | H12: 2244 | I12: 117898
A13: BM-00110021_002 | B13: Service Management | C13: PS-SC/ETX | D13: Cluj | E13: Cluj | F13: Personnel cost | G13: Lausch, Ann Kathrin / Cluj PS-SC/ETX | H13: 1550 | I13: 81435.784
A14: BM-00110021_002 | B14: Service Operation EU - VI | C14: PS-SC/PAC Other Costs | D14: Operation | E14: Operation | F14: Other cost? | I14: 50000
A15: BM-00110021_002 | B15: Service Operation NA - VI | C15: PS-SC/PAC Other Costs | D15: Operation | E15: Operation | F15: Other cost? | I15: 50000
A16: BM-00110021_003 | B16: Partner Manager | C16: PS-SC/PAC PAC1 | D16: PA-CS | E16: PA-CS | F16: Personnel cost | G16: Hornung, Floyd? | H16: 283.8 | I16: 42144.3
A17: BM-00110021_002 | B17: EPQ | C17: MS/ECP-PS-IN_iGPM SW-Services_DP | D17: IN | E17: IN | F17: Personnel cost | G17: Lakshmi, Ramakrishnan | H17: 654.85 | I17: 18361.994
A18: BM-00110021_002 | B18: Security Manager | C18: PS-SC/EDS_PS-SC EDS_PS-SC_XPS | D18: Cluj | E18: IN | F18: Personnel cost | G18: Shashikumar, Nagaraju; Khandelwal, Priti | H18: 374 | I18: 19649.667
A19: BM-00110021_002 | B19: Support BGSW (Arun) | C19: MS/END-IN_iGPM Mechanical_Design_Services_W/O_CAD_SW_PS_Sensors | D19: IN | E19: IN | F19: Personnel cost | G19: Palanisamy, Babu | H19: 936 | I19: 19721.52
A20: BM-00110021_002 | B20: BD Support (Technical Documentation) | C20: PS-SC/PAC Other Costs | D20: BD | E20: BD | F20: Other cost | G20: Marianne, Nina | I20: 87000
A21: BM-00110021_003 | B21: Product development lead | C21: PS-CV/EES System Engineer EES (ex CVO/ENP) | D21: CV | E21: CV | F21: Personnel cost | G21: Hodzic, Alkis -> Transfer Alkis to PS-S -> C reduces costs | H21: 1617 | I21: 226865.1
A22: BM-00110021_002 | B22: BD Support (PjM and Controlling) | C22: PS-SC/PAC Other Costs | D22: BD | E22: BD | F22: Other cost | G22: Rainer, Stan | I22: 355125
A23: BM-00110021_002 | B23: CVIT Partner Manager | C23: PS-SC/PAC Other Costs | D23: Bari | E23: Bari | F23: Other cost | G23: (blank) | I23: 98689.339
A24: BM-00110021_002 | B24: ETAS-MSS Cojali | C24: PS-SC/PAC Other Costs | D24: ETAS | E24: ETAS | F24: Other cost | G24: (blank) | I24: 80000
A25: BM-00110021_002 | B25: R&D at Cojali | C25: PS-SC/PAC Other Costs | D25: Operation | E25: Operation | F25: Other cost | G25: (blank) | I25: 90000
A26: BM-00110021_002 | B26: PO for Cojali | C26: PS-SC/PAC Other Costs | D26: VCS | E26: VCS | F26: Other cost | G26: Scholz, Sebastian | I26: 180000
A27: BM-00110021_002 | B27: VCS R&D | C27: PS-SC/PAC Other Costs | D27: VCS | E27: VCS | F27: Other cost | G27: (blank) | I27: 682500
A28: BM-00110021_002 | B28: BD Support (Cojali & CDK) | C28: PS-SC/PAC Other Costs | D28: BD | E28: BD | F28: Other cost | G28: Gibayev Oleg | I28: 136028.67
A29: BM-00110021_003 | B29: CDK development | C29: PS-SC/EDS_PS-SC EDS_PS-SC_XPS | D29: Cluj | E29: Cluj | F29: Personnel cost | G29: tbd | H29: 1496 | I29: 78598.667
A30: BM-00110021_002 | B30: Technical Docu Cluj | C30: PS-SC/EDS_PS-SC EDS_PS-SC_XPS | D30: Cluj | E30: Cluj | F30: Personnel cost | G30: tbd | H30: 748 | I30: 39299.333
A31: BM-00110021_003 | B31: Other cost / Lab, HW etc. | C31: PS-SC/PAC Other Costs | D31: Operation | E31: Operation | F31: Other cost | G31: (blank) | I31: 20000
A32: BM-00110021_002 | B32: Customer Cloud Integration / pre-development for VI integration | C32: PS-SC/EDS_PS-SC EDS_PS-SC_XPS | D32: Cluj | E32: Cluj | F32: Personnel cost | G32: Modoc, Daniel Stefan | H32: 1496 | I32: 78598.667
A33: BM-00110021_002 | B33: E2E System Team - Requirements Eng. & System development | C33: MS/ECP-PS-IN_iGPM SW-Services_DP | D33: IN | E33: IN | F33: Personnel cost | G33: Praveen, K M | H33: 1871 | I33: 52462.84
A34: BM-00110021_002 | B34: E2E System Team - SysArch - Requirements Eng. & System development | C34: PS-SC/EDS_PS-SC EDS_PS-SC_XPS | D34: Cluj | E34: Cluj | F34: Personnel cost | G34: Guias, Cornel Liviu; Hategan, Liviu Ioan; | H34: 2992 | I34: 157197.33
A35: BM-00110021_002 | B35: System integration and performing V&V | C35: PS-CV/EES System Engineer EES (ex CVO/ENP) | D35: CV | E35: CV | F35: Personnel cost | G35: Blohm, Christina; Frank, Kornelius | H35: 511.65869 | I35: 71785.714
A36: BM-00110021_003 | B36: System Integration and Solution Architecture technical customer support | C36: PS-SC/PAC PAC1 | D36: PA-CS | E36: PA-CS | F36: Personnel cost | G36: Perless, Alexander | H36: 1419 | I36: 210721.5
A37: BM-00110021_002 | B37: Managing V&V | C37: PS-SC/ETX V&V CE Other Cust. Proj. | D37: Cluj | E37: Cluj | F37: Personnel cost | G37: Fagarasi, Lorand | H37: 1550 | I37: 81437
A38: BM-00110021_002 | B38: Performing V&V | C38: PS-SC/ETX V&V CE Other Cust. Proj. | D38: Cluj | E38: Cluj | F38: Personnel cost | G38: Chirlejan, Alex Bogdan | H38: 1550 | I38: 81437
A39: BM-00110021_002 | B39: Installation App development | C39: PS-SC/PAC Other Costs | D39: Operation | E39: Operation | F39: Other cost | I39: 0
A40: C-Hub Cust Ext - BM-00107793_002 | B40: Customer integrations | C40: PS-SC/PAC Other Costs | D40: PA-CS | E40: PA-CS | F40: Other cost | G40: assumtption: 10 customer á 80k€ | I40: 250000
A41: C-Hub Cust Ext - BM-00107793_002 | B41: MA for vehicle configuration | C41: PS-SC/PAC Other Costs | D41: ETAS | E41: ETAS | F41: Other cost | G41: Dirk needed for tranfer to PS | I41: 67500
A42: C-Hub Cust Ext - BM-00107793_002 | B42: NA Team + other cost | C42: PS-SC/EBR-NA SW Eng | D42: PA-CS/NA | E42: PA-CS/NA | F42: Personnel cost | H42: 3720 | I42: 423141.91
A43: C-Hub Cust Ext - BM-00107793_002 | B43: Operations L1/L2 Incident/Problem/Monitoring | C43: PS-SC/EDS_PS-SC EDS_PS-SC_XPS | D43: Cluj | E43: Cluj | F43: Personnel cost | G43: Sorina + Bianca + Maria (200%) | H43: 2244 | I43: 78598.667
A44: C-Hub Cust Ext - BM-00107793_002 | B44: Service Operation EU - VI | C44: PS-SC/PAC Other Costs | D44: Operation | E44: Operation | F44: Other cost? | I44: 75000
A45: C-Hub Cust Ext - BM-00107793_002 | B45: Service Operation NA - VI | C45: PS-SC/PAC Other Costs | D45: Operation | E45: Operation | F45: Other cost? | I45: 75000
A46: C-Hub Cust Ext - BM-00107793_002 | B46: Partner Manager | C46: PS-SC/PAC PAC1 | D46: PA-CS | E46: PA-CS | F46: Personnel cost | G46: Hornung, Floyd? | H46: 425.7 | I46: 63216.45
A47: C-Hub Cust Ext - BM-00107793_002 | B47: C-Hub XC New Features | C47: PS-SC/PAC Other Costs | D47: XC | E47: XC | F47: Other cost | G47: Multiple | I47: 286993.92
A48: C-Hub Cust Ext - BM-00107793_002 | B48: ETAS-MSS Cojali | C48: PS-SC/PAC Other Costs | D48: ETAS | E48: ETAS | F48: Other cost | G48: (blank) | I48: 70000
A49: C-Hub Cust Ext - BM-00107793_002 | B49: R&D at Cojali | C49: PS-SC/PAC Other Costs | D49: Operation | E49: Operation | F49: Other cost | G49: (blank) | I49: 270000
A50: C-Hub Cust Ext - BM-00107793_002 | B50: VCS R&D | C50: PS-SC/PAC Other Costs | D50: VCS | E50: VCS | F50: Other cost | G50: (blank) | I50: 292500
A51: C-Hub Cust Ext - BM-00107793_002 | B51: Other cost / Lab, HW etc. | C51: PS-SC/PAC Other Costs | D51: Operation | E51: Operation | F51: Other cost | G51: (blank) | I51: 30000
I52: =SUBTOTAL(109,Table4268[Amount]) -> 0

Sheet XC-fix
B4: green
B5: =SUM(A6:A9) -> 1364375
A6: 626875
A7: 626875
A8: 55312.5
A9: 55312.5
A11: BM-number | B11: Task | C11: C-Hub PF | D11: C-Hub Cust Ext
A12: 004 | B12: various (see Can's planning) | C12: 940241.92
A13: xxx | B13: XC-CP Customer Extention (other cost) | D13: =C14*-1 -> 286993.92
A14: 004 | B14: Stretch target (other cost) | C14: -286993.92
A15: 005 | B15: various (see Can's planning) | C15: 711127
C16: =SUM(C12:C15) -> 1364375
C19: 1588006.1 | D19: =C16+D13-C19 -> 63362.84
D22: 63362.84
B27: =C27/$C$34 -> 0.32340436 | C27: =(1475000*0.85)/2 -> 626875 | D27: =B27*$C$37 -> -92815.086 | E27: =C27+D27 -> 534059.91
B28: =C28/$C$34 -> 0.32340436 | C28: =(1475000*0.85)/2 -> 626875 | D28: =B28*$C$37 -> -92815.086 | E28: =C28+D28 -> 534059.91
B29: =C29/$C$34 -> 0.057071358 | C29: =(1475000*0.15)/2 -> 110625 | D29: =B29*$C$37 -> -16379.133 | E29: =C29+D29 -> 94245.867
B30: =C30/$C$34 -> 0.057071358 | C30: =(1475000*0.15)/2 -> 110625 | D30: =B30*$C$37 -> -16379.133 | E30: =C30+D30 -> 94245.867
B31: =C31/$C$34 -> 0.11952428 | C31: =400000/2+63362.8399999999/2 -> 231681.42 | D31: =B31*$C$37 -> -34302.741 | E31: =C31+D31 -> 197378.68
E32: =C32+D32 -> 0
B33: =C33/$C$34 -> 0.11952428 | C33: =400000/2+63362.8399999999/2 -> 231681.42 | D33: =B33*$C$37 -> -34302.741 | E33: =C33+D33 -> 197378.68
C34: 1938362.8 | E34: =SUM(E27:E33) -> 1651368.9
C37: -286993.92

Sheet AAA
A1: Team bucket | B1: New MCR logic | C1: New MCR ID | D1: Task name | E1: Resource group | F1: Cost type | G1: Person booking | H1: new Team | I1: delta to 2025 | J1: consequence if canceled | K1: FTE (%) 2026 | L1: Hrs 2026 | M1: Rate 2026 | N1: Personnel costs | O1: Column1 | P1: MCR (Plan input) | Q1: Prognosis BP26 | R1: C-Hub CF09/2025 (before redistribution to Cust. Proj) | S1: Comments to Prognosis BP26 | T1: Gap Pers. Vs. BP26
A2: Refunding | B2: Rest ögP, equivalent to _007 | C2: BM-00110021_003 | D2: Refunding for C-Hub main project ögP | E2: PS-SC/CE-EU, CE-PE Publicly Funded Project - Refunding | F2: Refunding | G2: (blank) | H2: - | L2: =_xlfn.IFNA(VLOOKUP(Table47[[#This Row],[Resource group]],#REF!,2,FALSE),"0") -> #REF! | M2: =_xlfn.IFNA(VLOOKUP(Table47[[#This Row],[Resource group]],#REF!,4,FALSE),"0") -> #REF! | N2: =Table47[[#This Row],[FTE (%) 2026]]*Table47[[#This Row],[Hrs 2026]]*Table47[[#This Row],[Rate 2026]] -> #REF! | O2: =Table47[[#This Row],[FTE (%) 2026]]*Table47[[#This Row],[Hrs 2026]] -> #REF! | P2: =Table47[[#This Row],[Prognosis BP26]] -> 0 | R2: =VLOOKUP(Table47[[#This Row],[Task name]],#REF!,5,FALSE) -> #REF! | T2: =Table47[[#This Row],[Prognosis BP26]]-Table47[[#This Row],[Personnel costs ]] -> #REF!
A3: Refunding | B3: XC ögP, equivalent to_005 | C3: BM-00110021_005 | D3: Refunding for C-Hub XC ögP | E3: PS-SC/CE-EU, CE-PE Publicly Funded Project - Refunding | F3: Refunding | G3: (blank) | H3: - | L3: =_xlfn.IFNA(VLOOKUP(Table47[[#This Row],[Resource group]],#REF!,2,FALSE),"0") -> #REF! | M3: =_xlfn.IFNA(VLOOKUP(Table47[[#This Row],[Resource group]],#REF!,4,FALSE),"0") -> #REF! | N3: =Table47[[#This Row],[FTE (%) 2026]]*Table47[[#This Row],[Hrs 2026]]*Table47[[#This Row],[Rate 2026]] -> #REF! | O3: =Table47[[#This Row],[FTE (%) 2026]]*Table47[[#This Row],[Hrs 2026]] -> #REF! | P3: =Table47[[#This Row],[Prognosis BP26]] -> 0 | R3: =VLOOKUP(Table47[[#This Row],[Task name]],#REF!,5,FALSE) -> #REF! | T3: =Table47[[#This Row],[Prognosis BP26]]-Table47[[#This Row],[Personnel costs ]] -> #REF!
A4: Customer specific effort | B4: Rest non-ögP, equivalent to _006 | C4: BM-00110021_002 | D4: Customer integrations | E4: PS-SC/PAC Other Costs | F4: Other cost | G4: assumtption: 10 customer á 80k€ | H4: Customer specific | I4: new | L4: =_xlfn.IFNA(VLOOKUP(Table47[[#This Row],[Resource group]],#REF!,2,FALSE),"0") -> #REF! | M4: =_xlfn.IFNA(VLOOKUP(Table47[[#This Row],[Resource group]],#REF!,4,FALSE),"0") -> #REF! | N4: =Table47[[#This Row],[FTE (%) 2026]]*Table47[[#This Row],[Hrs 2026]]*Table47[[#This Row],[Rate 2026]] -> #REF! | O4: =Table47[[#This Row],[FTE (%) 2026]]*Table47[[#This Row],[Hrs 2026]] -> #REF! | P4: =Table47[[#This Row],[Prognosis BP26]] -> 800000 | Q4: =80000*10 -> 800000 | T4: =Table47[[#This Row],[Prognosis BP26]]-Table47[[#This Row],[Personnel costs ]] -> #REF!
A5: Cojali Development | B5: Rest non-ögP, equivalent to _006 | C5: BM-00110021_002 | D5: MA for vehicle configuration | E5: PS-SC/PAC Other Costs | F5: Other cost | G5: Dirk needed for tranfer to PS | H5: DaaS Delivery | I5: constant | J5: special know how for RD. No other person available. Lead: no standard diagnostics data or RD use cases like for TOP107, Austria, ECP | K5: 1 | L5: =_xlfn.IFNA(VLOOKUP(Table47[[#This Row],[Resource group]],#REF!,2,FALSE),"0") -> #REF! | M5: =_xlfn.IFNA(VLOOKUP(Table47[[#This Row],[Resource group]],#REF!,4,FALSE),"0") -> #REF! | N5: =Table47[[#This Row],[FTE (%) 2026]]*Table47[[#This Row],[Hrs 2026]]*Table47[[#This Row],[Rate 2026]] -> #REF! | O5: =Table47[[#This Row],[FTE (%) 2026]]*Table47[[#This Row],[Hrs 2026]] -> #REF! | P5: =Table47[[#This Row],[Prognosis BP26]] -> 270000 | Q5: 270000 | R5: =VLOOKUP(Table47[[#This Row],[Task name]],#REF!,5,FALSE) -> #REF! | T5: =Table47[[#This Row],[Prognosis BP26]]-Table47[[#This Row],[Personnel costs ]] -> #REF!
A6: Cojali Development | B6: Rest non-ögP, equivalent to _006 | C6: BM-00110021_002 | D6: RM+RD config + Cojali + Pantaris configs | E6: MS/ECP-PS-IN_iGPM SW-Services_DP | F6: Personnel cost | G6: Transfer to PS (Vienna?) | H6: DaaS Delivery | I6: new | J6: no transfer to PS possible | K6: 1 | L6: =_xlfn.IFNA(VLOOKUP(Table47[[#This Row],[Resource group]],#REF!,2,FALSE),"0") -> #REF! | M6: =_xlfn.IFNA(VLOOKUP(Table47[[#This Row],[Resource group]],#REF!,4,FALSE),"0") -> #REF! | N6: =Table47[[#This Row],[FTE (%) 2026]]*Table47[[#This Row],[Hrs 2026]]*Table47[[#This Row],[Rate 2026]] -> #REF! | O6: =Table47[[#This Row],[FTE (%) 2026]]*Table47[[#This Row],[Hrs 2026]] -> #REF! | P6: =Table47[[#This Row],[Personnel costs ]] -> #REF! | Q6: 150000 | T6: =Table47[[#This Row],[Prognosis BP26]]-Table47[[#This Row],[Personnel costs ]] -> #REF!
A7: Cojali Development | B7: Rest non-ögP, equivalent to _006 | C7: BM-00110021_002 | D7: RM+RD config + Cojali + Pantaris configs | E7: MS/ECP-PS-IN_iGPM SW-Services_DP | F7: Personnel cost | G7: Dhingra, Manish | H7: DaaS Delivery | I7: constant | J7: no RM configs (CAN Data) for any use-case / required for DaaS | K7: 1 | L7: =_xlfn.IFNA(VLOOKUP(Table47[[#This Row],[Resource group]],#REF!,2,FALSE),"0") -> #REF! | M7: =_xlfn.IFNA(VLOOKUP(Table47[[#This Row],[Resource group]],#REF!,4,FALSE),"0") -> #REF! | N7: =Table47[[#This Row],[FTE (%) 2026]]*Table47[[#This Row],[Hrs 2026]]*Table47[[#This Row],[Rate 2026]] -> #REF! | O7: =Table47[[#This Row],[FTE (%) 2026]]*Table47[[#This Row],[Hrs 2026]] -> #REF! | P7: =Table47[[#This Row],[Personnel costs ]] -> #REF! | Q7: 54000 | R7: =VLOOKUP(Table47[[#This Row],[Task name]],#REF!,5,FALSE) -> #REF! | T7: =Table47[[#This Row],[Prognosis BP26]]-Table47[[#This Row],[Personnel costs ]] -> #REF!
A8: E2E C-Hub System Team | B8: Rest non-ögP, equivalent to _006 | C8: BM-00110021_002 | D8: Data / rev. Eng. and AI | E8: PS-SC/PAC Other Costs | F8: Other cost | G8: (blank) | H8: DaaS Delivery | I8: new | J8: LCV data not available; no support of EVs; support busses difficult | K8: other cost | L8: =_xlfn.IFNA(VLOOKUP(Table47[[#This Row],[Resource group]],#REF!,2,FALSE),"0") -> #REF! | M8: =_xlfn.IFNA(VLOOKUP(Table47[[#This Row],[Resource group]],#REF!,4,FALSE),"0") -> #REF! | O8: =Table47[[#This Row],[FTE (%) 2026]]*Table47[[#This Row],[Hrs 2026]] -> #VALUE! | P8: =Table47[[#This Row],[Prognosis BP26]] -> 150000 | Q8: 150000 | R8: =VLOOKUP(Table47[[#This Row],[Task name]],#REF!,5,FALSE) -> #REF! | T8: =Table47[[#This Row],[Prognosis BP26]]-Table47[[#This Row],[Personnel costs ]] -> 150000
A9: Other costs | B9: Rest non-ögP, equivalent to _006 | C9: BM-00110021_002 | D9: Series Logistics Concept | E9: PS-SC/PAC Other Costs | F9: Other cost | G9: (blank) | H9: Logistics | I9: constant | J9: no delivery to new customers possible; no handling of shortage etc. | K9: other cost | L9: =_xlfn.IFNA(VLOOKUP(Table47[[#This Row],[Resource group]],#REF!,2,FALSE),"0") -> #REF! | M9: =_xlfn.IFNA(VLOOKUP(Table47[[#This Row],[Resource group]],#REF!,4,FALSE),"0") -> #REF! | O9: =Table47[[#This Row],[FTE (%) 2026]]*Table47[[#This Row],[Hrs 2026]] -> #VALUE! | P9: =Table47[[#This Row],[Prognosis BP26]] -> 67000 | Q9: 67000 | R9: =VLOOKUP(Table47[[#This Row],[Task name]],#REF!,5,FALSE) -> #REF! | T9: =Table47[[#This Row],[Prognosis BP26]]-Table47[[#This Row],[Personnel costs ]] -> 67000
A10: NA Activities | B10: Rest non-ögP, equivalent to _006 | C10: BM-00110021_002 | D10: NA Team + other cost | E10: PS-EC EBR-NA SW Eng | F10: Personnel cost | H10: NA Localization | I10: increasing | J10: no NA customer acquisition support and no NA C-Hub. | K10: pauschal top-down geschätzt | L10: =_xlfn.IFNA(VLOOKUP(Table47[[#This Row],[Resource group]],#REF!,2,FALSE),"0") -> #REF! | M10: =_xlfn.IFNA(VLOOKUP(Table47[[#This Row],[Resource group]],#REF!,4,FALSE),"0") -> #REF! | N10: =Table47[[#This Row],[FTE (%) 2026]]*Table47[[#This Row],[Hrs 2026]]*Table47[[#This Row],[Rate 2026]] -> #VALUE! | O10: =Table47[[#This Row],[FTE (%) 2026]]*Table47[[#This Row],[Hrs 2026]] -> #VALUE! | P10: =Q10 -> 790000 | Q10: 790000 | T10: =Table47[[#This Row],[Prognosis BP26]]-Table47[[#This Row],[Personnel costs ]] -> #VALUE!
A11: Cojali Development | B11: Rest non-ögP, equivalent to _006 | C11: BM-00110021_002 | D11: VCS SW maintance | E11: PS-SC/PAC Other Costs | F11: Other cost | G11: (blank) | H11: Operation of Service | I11: constant | J11: stop C-Hub | K11: Walter/Rainer klärt mit Daniel | L11: =_xlfn.IFNA(VLOOKUP(Table47[[#This Row],[Resource group]],#REF!,2,FALSE),"0") -> #REF! | M11: =_xlfn.IFNA(VLOOKUP(Table47[[#This Row],[Resource group]],#REF!,4,FALSE),"0") -> #REF! | N11: =Table47[[#This Row],[FTE (%) 2026]]*Table47[[#This Row],[Hrs 2026]]*Table47[[#This Row],[Rate 2026]] -> #VALUE! | O11: =Table47[[#This Row],[FTE (%) 2026]]*Table47[[#This Row],[Hrs 2026]] -> #VALUE! | P11: =Table47[[#This Row],[Prognosis BP26]] -> 400000 | Q11: 400000 | R11: =VLOOKUP(Table47[[#This Row],[Task name]],#REF!,5,FALSE) -> #REF! | T11: =Table47[[#This Row],[Prognosis BP26]]-Table47[[#This Row],[Personnel costs ]] -> #VALUE!
A12: E2E C-Hub System Team | B12: Rest non-ögP, equivalent to _006 | C12: BM-00110021_002 | D12: System integration and performing V&V | E12: PS-SC/XPS PS-SC XPS development | F12: Personnel cost | G12: Patrick, has not booked yet. | H12: Operation of Service | I12: constant | J12: no customer support ww; E2E integration, testing, and release; no Remodul tech support | K12: 1 | L12: =_xlfn.IFNA(VLOOKUP(Table47[[#This Row],[Resource group]],#REF!,2,FALSE),"0") -> #REF! | M12: 172.8 | N12: =Table47[[#This Row],[FTE (%) 2026]]*Table47[[#This Row],[Hrs 2026]]*Table47[[#This Row],[Rate 2026]] -> #REF! | O12: =Table47[[#This Row],[FTE (%) 2026]]*Table47[[#This Row],[Hrs 2026]] -> #REF! | P12: =Table47[[#This Row],[Personnel costs ]] -> #REF! | Q12: 160000 | T12: =Table47[[#This Row],[Prognosis BP26]]-Table47[[#This Row],[Personnel costs ]] -> #REF!
A13: PjM, Biz Dev, service mng | B13: Rest ögP, equivalent to _007 | C13: BM-00110021_003 | D13: Operations L1/L2 Incident/Problem/Monitoring | E13: PS-SC/PAC PAC1 | F13: Personnel cost | G13: Beck, Jochen --> transfer to Cluj | H13: Operation of Service | I13: constant | J13: required for serivce delivery, OPS and support | K13: 1 | L13: =_xlfn.IFNA(VLOOKUP(Table47[[#This Row],[Resource group]],#REF!,2,FALSE),"0") -> #REF! | M13: 148.5 | N13: =Table47[[#This Row],[FTE (%) 2026]]*Table47[[#This Row],[Hrs 2026]]*Table47[[#This Row],[Rate 2026]] -> #REF! | O13: =Table47[[#This Row],[FTE (%) 2026]]*Table47[[#This Row],[Hrs 2026]] -> #REF! | P13: =Table47[[#This Row],[Personnel costs ]] -> #REF! | Q13: 178000 | R13: =VLOOKUP(Table47[[#This Row],[Task name]],#REF!,5,FALSE) -> #REF! | T13: =Table47[[#This Row],[Prognosis BP26]]-Table47[[#This Row],[Personnel costs ]] -> #REF!
A14: PjM, Biz Dev, service mng | B14: Rest non-ögP, equivalent to _006 | C14: BM-00110021_002 | D14: Service Management | E14: PS-SC/ETX | F14: Personnel cost | G14: Lausch, Ann Kathrin / Cluj PS-SC/ETX | H14: Operation of Service | I14: new | J14: required for serivce delivery, OPS and support / 100% FTE wanted, to be discussed | K14: 1 | L14: 1550 | M14: 148.5 | N14: =Table47[[#This Row],[FTE (%) 2026]]*Table47[[#This Row],[Hrs 2026]]*Table47[[#This Row],[Rate 2026]] -> 230175 | O14: =Table47[[#This Row],[FTE (%) 2026]]*Table47[[#This Row],[Hrs 2026]] -> 1550 | P14: =Table47[[#This Row],[Personnel costs ]] -> 230175 | Q14: =54000 -> 54000 | R14: =VLOOKUP(Table47[[#This Row],[Task name]],#REF!,5,FALSE) -> #REF! | T14: =Table47[[#This Row],[Prognosis BP26]]-Table47[[#This Row],[Personnel costs ]] -> -176175
A15: OPS Team EU (VI) | B15: Rest non-ögP, equivalent to _006 | C15: BM-00110021_002 | D15: Service Operation EU - VI | E15: PS-SC/PAC Other Costs | F15: Other cost? | H15: Operation of Service | I15: new | K15: to be aligned with Gernot | L15: =_xlfn.IFNA(VLOOKUP(Table47[[#This Row],[Resource group]],#REF!,2,FALSE),"0") -> #REF! | M15: 148.5 | N15: =Table47[[#This Row],[FTE (%) 2026]]*Table47[[#This Row],[Hrs 2026]]*Table47[[#This Row],[Rate 2026]] -> #VALUE! | O15: =Table47[[#This Row],[FTE (%) 2026]]*Table47[[#This Row],[Hrs 2026]] -> #VALUE! | P15: =Table47[[#This Row],[Prognosis BP26]] -> 150000 | Q15: 150000 | T15: =Table47[[#This Row],[Prognosis BP26]]-Table47[[#This Row],[Personnel costs ]] -> #VALUE!
A16: OPS Team NA (VI) | B16: Rest non-ögP, equivalent to _006 | C16: BM-00110021_002 | D16: Service Operation NA - VI | E16: PS-SC/PAC Other Costs | F16: Other cost? | H16: Operation of Service | I16: new | K16: to be aligned with Gernot | L16: =_xlfn.IFNA(VLOOKUP(Table47[[#This Row],[Resource group]],#REF!,2,FALSE),"0") -> #REF! | M16: 148.5 | N16: =Table47[[#This Row],[FTE (%) 2026]]*Table47[[#This Row],[Hrs 2026]]*Table47[[#This Row],[Rate 2026]] -> #VALUE! | O16: =Table47[[#This Row],[FTE (%) 2026]]*Table47[[#This Row],[Hrs 2026]] -> #VALUE! | P16: =Table47[[#This Row],[Prognosis BP26]] -> 150000 | Q16: 150000 | T16: =Table47[[#This Row],[Prognosis BP26]]-Table47[[#This Row],[Personnel costs ]] -> #VALUE!
A17: PjM, Biz Dev, service mng | B17: Rest ögP, equivalent to _007 | C17: BM-00110021_003 | D17: Partner Manager | E17: PS-SC/PAC PAC1 | F17: Personnel cost | G17: Hornung, Floyd? | H17: Partner | I17: constant | J17: required to build and maintane C-Hub partnerships (Antenna, Wire harness, CAN reader, …) | K17: 1 | L17: =_xlfn.IFNA(VLOOKUP(Table47[[#This Row],[Resource group]],#REF!,2,FALSE),"0") -> #REF! | M17: 148.5 | N17: =Table47[[#This Row],[FTE (%) 2026]]*Table47[[#This Row],[Hrs 2026]]*Table47[[#This Row],[Rate 2026]] -> #REF! | O17: =Table47[[#This Row],[FTE (%) 2026]]*Table47[[#This Row],[Hrs 2026]] -> #REF! | P17: =Table47[[#This Row],[Personnel costs ]] -> #REF! | Q17: 178000 | R17: 36749 | S17: topics: Kabelbäume, Antennen, ind CAN reader, Sensors TPMS,… | T17: =Table47[[#This Row],[Prognosis BP26]]-Table47[[#This Row],[Personnel costs ]] -> #REF!
A18: Cojali Development | B18: Rest non-ögP, equivalent to _006 | C18: BM-00110021_002 | D18: EPQ | E18: MS/ECP-PS-IN_iGPM SW-Services_DP | F18: Personnel cost | G18: Lakshmi, Ramakrishnan | H18: PjM, Release | I18: constant | J18: no C-Hub releases at PS | K18: 0.35 | L18: =_xlfn.IFNA(VLOOKUP(Table47[[#This Row],[Resource group]],#REF!,2,FALSE),"0") -> #REF! | M18: =_xlfn.IFNA(VLOOKUP(Table47[[#This Row],[Resource group]],#REF!,4,FALSE),"0") -> #REF! | N18: =Table47[[#This Row],[FTE (%) 2026]]*Table47[[#This Row],[Hrs 2026]]*Table47[[#This Row],[Rate 2026]] -> #REF! | O18: =Table47[[#This Row],[FTE (%) 2026]]*Table47[[#This Row],[Hrs 2026]] -> #REF! | P18: =Table47[[#This Row],[Personnel costs ]] -> #REF! | Q18: 18000 | R18: =VLOOKUP(Table47[[#This Row],[Task name]],#REF!,5,FALSE) -> #REF! | T18: =Table47[[#This Row],[Prognosis BP26]]-Table47[[#This Row],[Personnel costs ]] -> #REF!
A19: Cojali Development | B19: Rest non-ögP, equivalent to _006 | C19: BM-00110021_002 | D19: Security Manager | E19: MS/ECY-IN_iGPM Developer | F19: Personnel cost | G19: Shashikumar, Nagaraju; Khandelwal, Priti | H19: PjM, Release | I19: constant | J19: no C-Hub updates for new features like Wlan/BLE | K19: 0.3 | L19: =_xlfn.IFNA(VLOOKUP(Table47[[#This Row],[Resource group]],#REF!,2,FALSE),"0") -> #REF! | M19: =_xlfn.IFNA(VLOOKUP(Table47[[#This Row],[Resource group]],#REF!,4,FALSE),"0") -> #REF! | N19: =Table47[[#This Row],[FTE (%) 2026]]*Table47[[#This Row],[Hrs 2026]]*Table47[[#This Row],[Rate 2026]] -> #REF! | O19: =Table47[[#This Row],[FTE (%) 2026]]*Table47[[#This Row],[Hrs 2026]] -> #REF! | P19: =Table47[[#This Row],[Personnel costs ]] -> #REF! | Q19: 20000 | R19: =VLOOKUP(Table47[[#This Row],[Task name]],#REF!,5,FALSE) -> #REF! | T19: =Table47[[#This Row],[Prognosis BP26]]-Table47[[#This Row],[Personnel costs ]] -> #REF!
A20: Cojali Development | B20: Rest non-ögP, equivalent to _006 | C20: BM-00110021_002 | D20: Support BGSW (Arun) | E20: MS/END-IN_iGPM Mechanical_Design_Services_W/O_CAD_SW_PS_Sensors | F20: Personnel cost | G20: Palanisamy, Babu | H20: PjM, Release | I20: constant | J20: required to maintane comlex controlling structure | K20: 0.5 | L20: =_xlfn.IFNA(VLOOKUP(Table47[[#This Row],[Resource group]],#REF!,2,FALSE),"0") -> #REF! | M20: =_xlfn.IFNA(VLOOKUP(Table47[[#This Row],[Resource group]],#REF!,4,FALSE),"0") -> #REF! | N20: =Table47[[#This Row],[FTE (%) 2026]]*Table47[[#This Row],[Hrs 2026]]*Table47[[#This Row],[Rate 2026]] -> #REF! | O20: =Table47[[#This Row],[FTE (%) 2026]]*Table47[[#This Row],[Hrs 2026]] -> #REF! | P20: =Table47[[#This Row],[Personnel costs ]] -> #REF! | Q20: 20000 | R20: =VLOOKUP(Table47[[#This Row],[Task name]],#REF!,5,FALSE) -> #REF! | T20: =Table47[[#This Row],[Prognosis BP26]]-Table47[[#This Row],[Personnel costs ]] -> #REF!
A21: E2E C-Hub System Team | B21: Rest non-ögP, equivalent to _006 | C21: BM-00110021_002 | D21: BD Support (Technical Documentation) | E21: PS-SC/PAC Other Costs | F21: Other cost | G21: Marianne, Nina | H21: PjM, Release | I21: constant | J21: no customer documentation, unhappy customers, blocking releases | K21: same as 2025 | L21: =_xlfn.IFNA(VLOOKUP(Table47[[#This Row],[Resource group]],#REF!,2,FALSE),"0") -> #REF! | M21: =_xlfn.IFNA(VLOOKUP(Table47[[#This Row],[Resource group]],#REF!,4,FALSE),"0") -> #REF! | N21: =Table47[[#This Row],[FTE (%) 2026]]*Table47[[#This Row],[Hrs 2026]]*Table47[[#This Row],[Rate 2026]] -> #VALUE! | O21: =Table47[[#This Row],[FTE (%) 2026]]*Table47[[#This Row],[Hrs 2026]] -> #VALUE! | P21: =Table47[[#This Row],[Prognosis BP26]] -> 116092 | Q21: =107474+8618 -> 116092 | R21: 127254.49 | S21: Based on BP26 in PLW 71_1947 C-Hub Core Functions | T21: =Table47[[#This Row],[Prognosis BP26]]-Table47[[#This Row],[Personnel costs ]] -> #VALUE!
A22: E2E C-Hub System Team | B22: Rest ögP, equivalent to _007 | C22: BM-00110021_003 | D22: Product development lead | E22: PS-CV/EES System Engineer EES (ex CVO/ENP) | F22: Personnel cost | G22: Hodzic, Alkis -> Transfer Alkis to PS-S -> C reduces costs | H22: PjM, Release | I22: constant | J22: required | K22: 1 | L22: =_xlfn.IFNA(VLOOKUP(Table47[[#This Row],[Resource group]],#REF!,2,FALSE),"0") -> #REF! | M22: 140.3 | N22: =Table47[[#This Row],[FTE (%) 2026]]*Table47[[#This Row],[Hrs 2026]]*Table47[[#This Row],[Rate 2026]] -> #REF! | O22: =Table47[[#This Row],[FTE (%) 2026]]*Table47[[#This Row],[Hrs 2026]] -> #REF! | P22: =Table47[[#This Row],[Personnel costs ]] -> #REF! | Q22: 201000 | R22: 248000 | S22: Input Alkis (16-Sep-25): For 2026 it would be ~200.600 € | T22: =Table47[[#This Row],[Prognosis BP26]]-Table47[[#This Row],[Personnel costs ]] -> #REF!
A23: PjM, Biz Dev, service mng | B23: Rest non-ögP, equivalent to _006 | C23: BM-00110021_002 | D23: BD Support (PjM and Controlling) | E23: PS-SC/PAC Other Costs | F23: Other cost | G23: Rainer, Stan | H23: PjM, Release | I23: constant | J23: required | K23: other cost | L23: =_xlfn.IFNA(VLOOKUP(Table47[[#This Row],[Resource group]],#REF!,2,FALSE),"0") -> #REF! | M23: =_xlfn.IFNA(VLOOKUP(Table47[[#This Row],[Resource group]],#REF!,4,FALSE),"0") -> #REF! | O23: =Table47[[#This Row],[FTE (%) 2026]]*Table47[[#This Row],[Hrs 2026]] -> #VALUE! | P23: =Table47[[#This Row],[Prognosis BP26]] -> 355125 | Q23: 355125 | R23: 298288.99 | S23: Based on BP26 in PLW 71_1947 C-Hub Core Functions | T23: =Table47[[#This Row],[Prognosis BP26]]-Table47[[#This Row],[Personnel costs ]] -> 355125
A24: XC-CP | B24: XC, split 50/50 ögp/non-ögp, equivalent to _004 | C24: BM-00110021_004 | D24: C-Hub XC Series Care_004 | E24: Various XC | F24: Other cost | G24: Multiple | H24: R&D BSW | I24: reduced | J24: no C-Hub support for bugfixing and maintanance; no new features possible | L24: =_xlfn.IFNA(VLOOKUP(Table47[[#This Row],[Resource group]],#REF!,2,FALSE),"0") -> #REF! | M24: =_xlfn.IFNA(VLOOKUP(Table47[[#This Row],[Resource group]],#REF!,4,FALSE),"0") -> #REF! | N24: =Table47[[#This Row],[FTE (%) 2026]]*Table47[[#This Row],[Hrs 2026]]*Table47[[#This Row],[Rate 2026]] -> #REF! | O24: =Table47[[#This Row],[FTE (%) 2026]]*Table47[[#This Row],[Hrs 2026]] -> #REF! | P24: =Table47[[#This Row],[Prognosis BP26]] -> 626875 | Q24: =(1475000*0.85)/2 -> 626875 | R24: =VLOOKUP(Table47[[#This Row],[Task name]],#REF!,5,FALSE) -> #REF! | S24: BP26 -> mail from Oezcan Can, 22-Jul: [C-Hub_XC] CF09/25 & BP26 : Update MCR projects | T24: =Table47[[#This Row],[Prognosis BP26]]-Table47[[#This Row],[Personnel costs ]] -> #REF!
A25: XC-CP | B25: XC, split 50/50 ögp/non-ögp, equivalent to _005 | C25: BM-00110021_005 | D25: C-Hub XC Series Care_005 | E25: Various XC | F25: Other cost | G25: Multiple | H25: R&D BSW | I25: reduced | J25: no C-Hub support for bugfixing and maintanance; no new features possible | L25: =_xlfn.IFNA(VLOOKUP(Table47[[#This Row],[Resource group]],#REF!,2,FALSE),"0") -> #REF! | M25: =_xlfn.IFNA(VLOOKUP(Table47[[#This Row],[Resource group]],#REF!,4,FALSE),"0") -> #REF! | N25: =Table47[[#This Row],[FTE (%) 2026]]*Table47[[#This Row],[Hrs 2026]]*Table47[[#This Row],[Rate 2026]] -> #REF! | O25: =Table47[[#This Row],[FTE (%) 2026]]*Table47[[#This Row],[Hrs 2026]] -> #REF! | P25: =Table47[[#This Row],[Prognosis BP26]] -> 626875 | Q25: =(1475000*0.85)/2 -> 626875 | R25: =VLOOKUP(Table47[[#This Row],[Task name]],#REF!,5,FALSE) -> #REF! | S25: BP26 -> mail from Oezcan Can, 22-Jul: [C-Hub_XC] CF09/25 & BP26 : Update MCR projects | T25: =Table47[[#This Row],[Prognosis BP26]]-Table47[[#This Row],[Personnel costs ]] -> #REF!
A26: XC-CP | B26: XC, split 50/50 ögp/non-ögp, equivalent to _004 | C26: BM-00110021_004 | D26: C-Hub XC New Features | E26: Various XC | F26: Other cost | G26: Multiple | H26: R&D BSW | I26: reduced | J26: no new features possible | L26: =_xlfn.IFNA(VLOOKUP(Table47[[#This Row],[Resource group]],#REF!,2,FALSE),"0") -> #REF! | M26: =_xlfn.IFNA(VLOOKUP(Table47[[#This Row],[Resource group]],#REF!,4,FALSE),"0") -> #REF! | N26: =Table47[[#This Row],[FTE (%) 2026]]*Table47[[#This Row],[Hrs 2026]]*Table47[[#This Row],[Rate 2026]] -> #REF! | O26: =Table47[[#This Row],[FTE (%) 2026]]*Table47[[#This Row],[Hrs 2026]] -> #REF! | P26: =Table47[[#This Row],[Prognosis BP26]] -> 110625 | Q26: =(1475000*0.15)/2 -> 110625 | R26: =VLOOKUP(Table47[[#This Row],[Task name]],#REF!,5,FALSE) -> #REF! | S26: BP26 -> mail from Oezcan Can, 22-Jul: [C-Hub_XC] CF09/25 & BP26 : Update MCR projects | T26: =Table47[[#This Row],[Prognosis BP26]]-Table47[[#This Row],[Personnel costs ]] -> #REF!
A27: XC-CP | B27: XC, split 50/50 ögp/non-ögp, equivalent to _005 | C27: BM-00110021_005 | D27: C-Hub XC New Features | E27: Various XC | F27: Other cost | G27: Multiple | H27: R&D BSW | I27: reduced | J27: no new features possible | L27: =_xlfn.IFNA(VLOOKUP(Table47[[#This Row],[Resource group]],#REF!,2,FALSE),"0") -> #REF! | M27: =_xlfn.IFNA(VLOOKUP(Table47[[#This Row],[Resource group]],#REF!,4,FALSE),"0") -> #REF! | N27: =Table47[[#This Row],[FTE (%) 2026]]*Table47[[#This Row],[Hrs 2026]]*Table47[[#This Row],[Rate 2026]] -> #REF! | O27: =Table47[[#This Row],[FTE (%) 2026]]*Table47[[#This Row],[Hrs 2026]] -> #REF! | P27: =Table47[[#This Row],[Prognosis BP26]] -> 110625 | Q27: =(1475000*0.15)/2 -> 110625 | R27: =VLOOKUP(Table47[[#This Row],[Task name]],#REF!,5,FALSE) -> #REF! | S27: BP26 -> mail from Oezcan Can, 22-Jul: [C-Hub_XC] CF09/25 & BP26 : Update MCR projects | T27: =Table47[[#This Row],[Prognosis BP26]]-Table47[[#This Row],[Personnel costs ]] -> #REF!
A28: Cojali Development | B28: Rest non-ögP, equivalent to _006 | C28: BM-00110021_002 | D28: CVIT Partner Manager | E28: PS-SC/PAC Other Costs | F28: Other cost | G28: (blank) | H28: R&D Cojali | I28: constant | J28: Cojali integration and alignment critical: delays in the delivery of contract, cojali container framework for different vehicles. Mandatory need a person which would build up the relationsship. | K28: 1 | L28: =_xlfn.IFNA(VLOOKUP(Table47[[#This Row],[Resource group]],#REF!,2,FALSE),"0") -> #REF! | M28: =_xlfn.IFNA(VLOOKUP(Table47[[#This Row],[Resource group]],#REF!,4,FALSE),"0") -> #REF! | N28: =Table47[[#This Row],[FTE (%) 2026]]*Table47[[#This Row],[Hrs 2026]]*Table47[[#This Row],[Rate 2026]] -> #REF! | O28: =Table47[[#This Row],[FTE (%) 2026]]*Table47[[#This Row],[Hrs 2026]] -> #REF! | P28: =Table47[[#This Row],[Prognosis BP26]] -> 130000 | Q28: 130000 | R28: =VLOOKUP(Table47[[#This Row],[Task name]],#REF!,5,FALSE) -> #REF! | T28: =Table47[[#This Row],[Prognosis BP26]]-Table47[[#This Row],[Personnel costs ]] -> #REF!
A29: Cojali Development | B29: Rest non-ögP, equivalent to _006 | C29: BM-00110021_002 | D29: ETAS-MSS Cojali | E29: PS-SC/PAC Other Costs | F29: Other cost | G29: (blank) | H29: R&D Cojali | I29: reduced | J29: RP1210 development and stabilisation stopped. no further support for this library. Premium data failed. | L29: =_xlfn.IFNA(VLOOKUP(Table47[[#This Row],[Resource group]],#REF!,2,FALSE),"0") -> #REF! | M29: =_xlfn.IFNA(VLOOKUP(Table47[[#This Row],[Resource group]],#REF!,4,FALSE),"0") -> #REF! | N29: =Table47[[#This Row],[FTE (%) 2026]]*Table47[[#This Row],[Hrs 2026]]*Table47[[#This Row],[Rate 2026]] -> #REF! | O29: =Table47[[#This Row],[FTE (%) 2026]]*Table47[[#This Row],[Hrs 2026]] -> #REF! | P29: =Table47[[#This Row],[Prognosis BP26]] -> 150000 | Q29: 150000 | R29: =VLOOKUP(Table47[[#This Row],[Task name]],#REF!,5,FALSE) -> #REF! | T29: =Table47[[#This Row],[Prognosis BP26]]-Table47[[#This Row],[Personnel costs ]] -> #REF!
A30: Cojali Development | B30: Rest non-ögP, equivalent to _006 | C30: BM-00110021_002 | D30: R&D at Cojali | E30: PS-SC/PAC Other Costs | F30: Other cost | G30: (blank) | H30: R&D Cojali | I30: reduced | J30: required for premium data | K30: other cost | L30: =_xlfn.IFNA(VLOOKUP(Table47[[#This Row],[Resource group]],#REF!,2,FALSE),"0") -> #REF! | M30: =_xlfn.IFNA(VLOOKUP(Table47[[#This Row],[Resource group]],#REF!,4,FALSE),"0") -> #REF! | O30: =Table47[[#This Row],[FTE (%) 2026]]*Table47[[#This Row],[Hrs 2026]] -> #VALUE! | P30: =Table47[[#This Row],[Prognosis BP26]] -> 150000 | Q30: 150000 | R30: =VLOOKUP(Table47[[#This Row],[Task name]],#REF!,5,FALSE) -> #REF! | T30: =Table47[[#This Row],[Prognosis BP26]]-Table47[[#This Row],[Personnel costs ]] -> 150000
A31: Cojali Development | B31: Rest non-ögP, equivalent to _006 | C31: BM-00110021_002 | D31: PO for Cojali | E31: PS-SC/PAC Other Costs | F31: Other cost | G31: Scholz, Sebastian | H31: R&D Cojali | I31: constant | J31: mandatory for Cojali --> possible transfer to PS? | L31: =_xlfn.IFNA(VLOOKUP(Table47[[#This Row],[Resource group]],#REF!,2,FALSE),"0") -> #REF! | M31: =_xlfn.IFNA(VLOOKUP(Table47[[#This Row],[Resource group]],#REF!,4,FALSE),"0") -> #REF! | N31: =Table47[[#This Row],[FTE (%) 2026]]*Table47[[#This Row],[Hrs 2026]]*Table47[[#This Row],[Rate 2026]] -> #REF! | O31: =Table47[[#This Row],[FTE (%) 2026]]*Table47[[#This Row],[Hrs 2026]] -> #REF! | P31: =Table47[[#This Row],[Prognosis BP26]] -> 150000 | Q31: 150000 | T31: =Table47[[#This Row],[Prognosis BP26]]-Table47[[#This Row],[Personnel costs ]] -> #REF!
A32: Cojali Development | B32: Rest non-ögP, equivalent to _006 | C32: BM-00110021_002 | D32: VCS R&D | E32: PS-SC/PAC Other Costs | F32: Other cost | G32: (blank) | H32: R&D for Service | I32: reduced | J32: no Cojali, no premium data, risk for customer acquisitions, no new features | L32: =_xlfn.IFNA(VLOOKUP(Table47[[#This Row],[Resource group]],#REF!,2,FALSE),"0") -> #REF! | M32: =_xlfn.IFNA(VLOOKUP(Table47[[#This Row],[Resource group]],#REF!,4,FALSE),"0") -> #REF! | N32: =Table47[[#This Row],[FTE (%) 2026]]*Table47[[#This Row],[Hrs 2026]]*Table47[[#This Row],[Rate 2026]] -> #REF! | O32: =Table47[[#This Row],[FTE (%) 2026]]*Table47[[#This Row],[Hrs 2026]] -> #REF! | P32: =Table47[[#This Row],[Prognosis BP26]] -> 975000 | Q32: 975000 | R32: =VLOOKUP(Table47[[#This Row],[Task name]],#REF!,5,FALSE) -> #REF! | T32: =Table47[[#This Row],[Prognosis BP26]]-Table47[[#This Row],[Personnel costs ]] -> #REF!
A33: XC-CP | B33: XC, split 50/50 ögp/non-ögp, equivalent to _004 | C33: BM-00110021_004 | D33: C-Hub XC - HW Change for RS-232, K-LINE | H33: R&D HW | I33: new | J33: no cold chain support and Tacho access ofer D8 port (easier way to get the data) | L33: =_xlfn.IFNA(VLOOKUP(Table47[[#This Row],[Resource group]],#REF!,2,FALSE),"0") -> #REF! | M33: =_xlfn.IFNA(VLOOKUP(Table47[[#This Row],[Resource group]],#REF!,4,FALSE),"0") -> #REF! | N33: =Table47[[#This Row],[FTE (%) 2026]]*Table47[[#This Row],[Hrs 2026]]*Table47[[#This Row],[Rate 2026]] -> #REF! | O33: =Table47[[#This Row],[FTE (%) 2026]]*Table47[[#This Row],[Hrs 2026]] -> #REF! | P33: =Table47[[#This Row],[Prognosis BP26]] -> 200000 | Q33: =400000/2 -> 200000 | T33: =Table47[[#This Row],[Prognosis BP26]]-Table47[[#This Row],[Personnel costs ]] -> #REF!
A34: XC-CP | B34: XC, split 50/50 ögp/non-ögp, equivalent to _005 | C34: BM-00110021_005 | D34: C-Hub XC - HW Change for RS-232, K-LINE | H34: R&D HW | I34: new | J34: no cold chain support and Tacho access ofer D8 port (easier way to get the data) | L34: =_xlfn.IFNA(VLOOKUP(Table47[[#This Row],[Resource group]],#REF!,2,FALSE),"0") -> #REF! | M34: =_xlfn.IFNA(VLOOKUP(Table47[[#This Row],[Resource group]],#REF!,4,FALSE),"0") -> #REF! | N34: =Table47[[#This Row],[FTE (%) 2026]]*Table47[[#This Row],[Hrs 2026]]*Table47[[#This Row],[Rate 2026]] -> #REF! | O34: =Table47[[#This Row],[FTE (%) 2026]]*Table47[[#This Row],[Hrs 2026]] -> #REF! | P34: =Table47[[#This Row],[Prognosis BP26]] -> 200000 | Q34: =400000/2 -> 200000 | T34: =Table47[[#This Row],[Prognosis BP26]]-Table47[[#This Row],[Personnel costs ]] -> #REF!
A35: Cojali Development | B35: Rest non-ögP, equivalent to _006 | C35: BM-00110021_002 | D35: BD Support (Cojali & CDK) | E35: PS-SC/PAC Other Costs | F35: Other cost | G35: Gibayev Oleg | H35: R&D Service | I35: constant | J35: no container application support for any customer. No Cojali vehicle container creation. No premium data. | K35: 1 | L35: =_xlfn.IFNA(VLOOKUP(Table47[[#This Row],[Resource group]],#REF!,2,FALSE),"0") -> #REF! | M35: =_xlfn.IFNA(VLOOKUP(Table47[[#This Row],[Resource group]],#REF!,4,FALSE),"0") -> #REF! | N35: =Table47[[#This Row],[FTE (%) 2026]]*Table47[[#This Row],[Hrs 2026]]*Table47[[#This Row],[Rate 2026]] -> #REF! | O35: =Table47[[#This Row],[FTE (%) 2026]]*Table47[[#This Row],[Hrs 2026]] -> #REF! | P35: =Table47[[#This Row],[Prognosis BP26]] -> 136028.67 | Q35: 136028.67 | R35: 184456.52 | S35: Based on BP26 in PLW 71_1947 C-Hub Core Functions | T35: =Table47[[#This Row],[Prognosis BP26]]-Table47[[#This Row],[Personnel costs ]] -> #REF!
A36: E2E C-Hub System Team | B36: Rest ögP, equivalent to _007 | C36: BM-00110021_003 | D36: CDK development | E36: PS-SC/EDS_PS-SC EDS_PS-SC_XPS | F36: Personnel cost | G36: tbd | H36: R&D Service | I36: new | J36: required for main customers like Penske, … | K36: 1 | L36: =_xlfn.IFNA(VLOOKUP(Table47[[#This Row],[Resource group]],#REF!,2,FALSE),"0") -> #REF! | M36: 52.539216 | N36: =Table47[[#This Row],[FTE (%) 2026]]*Table47[[#This Row],[Hrs 2026]]*Table47[[#This Row],[Rate 2026]] -> #REF! | O36: =Table47[[#This Row],[FTE (%) 2026]]*Table47[[#This Row],[Hrs 2026]] -> #REF! | P36: =Table47[[#This Row],[Personnel costs ]] -> #REF! | Q36: 150000 | T36: =Table47[[#This Row],[Prognosis BP26]]-Table47[[#This Row],[Personnel costs ]] -> #REF!
A37: Other costs | B37: Rest ögP, equivalent to _007 | C37: BM-00110021_003 | D37: Other cost / Lab, HW etc. | E37: PS-SC/PAC Other Costs | F37: Other cost | G37: (blank) | H37: R&D System | I37: constant | K37: other cost | L37: =_xlfn.IFNA(VLOOKUP(Table47[[#This Row],[Resource group]],#REF!,2,FALSE),"0") -> #REF! | M37: =_xlfn.IFNA(VLOOKUP(Table47[[#This Row],[Resource group]],#REF!,4,FALSE),"0") -> #REF! | O37: =Table47[[#This Row],[FTE (%) 2026]]*Table47[[#This Row],[Hrs 2026]] -> #VALUE! | P37: =Table47[[#This Row],[Prognosis BP26]] -> 50000 | Q37: 50000 | R37: =VLOOKUP(Table47[[#This Row],[Task name]],#REF!,5,FALSE) -> #REF! | T37: =Table47[[#This Row],[Prognosis BP26]]-Table47[[#This Row],[Personnel costs ]] -> 50000
A38: E2E C-Hub System Team | B38: Rest non-ögP, equivalent to _006 | C38: BM-00110021_002 | D38: Customer Cloud Integration / pre-development for VI integration | E38: PS-SC/EDS_PS-SC EDS_PS-SC_XPS | F38: Personnel cost | G38: Modoc, Daniel Stefan | H38: R&D System | I38: constant | J38: no integration with external cloud solutions for PoC's, pilots and series like geoTab,… | K38: 1 | L38: =_xlfn.IFNA(VLOOKUP(Table47[[#This Row],[Resource group]],#REF!,2,FALSE),"0") -> #REF! | M38: =_xlfn.IFNA(VLOOKUP(Table47[[#This Row],[Resource group]],#REF!,4,FALSE),"0") -> #REF! | N38: =Table47[[#This Row],[FTE (%) 2026]]*Table47[[#This Row],[Hrs 2026]]*Table47[[#This Row],[Rate 2026]] -> #REF! | O38: =Table47[[#This Row],[FTE (%) 2026]]*Table47[[#This Row],[Hrs 2026]] -> #REF! | P38: =Table47[[#This Row],[Personnel costs ]] -> #REF! | Q38: 60000 | R38: =VLOOKUP(Table47[[#This Row],[Task name]],#REF!,5,FALSE) -> #REF! | T38: =Table47[[#This Row],[Prognosis BP26]]-Table47[[#This Row],[Personnel costs ]] -> #REF!
A39: E2E C-Hub System Team | B39: Rest non-ögP, equivalent to _006 | C39: BM-00110021_002 | D39: E2E System Team - Requirements Eng. & System development | E39: MS/ECP-PS-IN_iGPM SW-Services_DP | F39: Personnel cost | G39: Praveen, K M | H39: R&D System | I39: constant | J39: no integration with external cloud solutions for PoC's, pilots and series like geoTab,… no concept and requirements specification for XC and ETAS | K39: 1 | L39: =_xlfn.IFNA(VLOOKUP(Table47[[#This Row],[Resource group]],#REF!,2,FALSE),"0") -> #REF! | M39: =_xlfn.IFNA(VLOOKUP(Table47[[#This Row],[Resource group]],#REF!,4,FALSE),"0") -> #REF! | N39: =Table47[[#This Row],[FTE (%) 2026]]*Table47[[#This Row],[Hrs 2026]]*Table47[[#This Row],[Rate 2026]] -> #REF! | O39: =Table47[[#This Row],[FTE (%) 2026]]*Table47[[#This Row],[Hrs 2026]] -> #REF! | P39: =Table47[[#This Row],[Personnel costs ]] -> #REF! | Q39: 54000 | R39: =VLOOKUP(Table47[[#This Row],[Task name]],#REF!,5,FALSE) -> #REF! | T39: =Table47[[#This Row],[Prognosis BP26]]-Table47[[#This Row],[Personnel costs ]] -> #REF!
A40: E2E C-Hub System Team | B40: Rest non-ögP, equivalent to _006 | C40: BM-00110021_002 | D40: E2E System Team - SysArch - Requirements Eng. & System development | E40: PS-SC/EDS_PS-SC EDS_PS-SC_XPS | F40: Personnel cost | G40: Guias, Cornel Liviu; Hategan, Liviu Ioan; | H40: R&D System | I40: constant | J40: no integration with external cloud solutions for PoC's, pilots and series like geoTab,… no concept and requirements specification for XC and ETAS | K40: 2 | L40: =_xlfn.IFNA(VLOOKUP(Table47[[#This Row],[Resource group]],#REF!,2,FALSE),"0") -> #REF! | M40: =_xlfn.IFNA(VLOOKUP(Table47[[#This Row],[Resource group]],#REF!,4,FALSE),"0") -> #REF! | N40: =Table47[[#This Row],[FTE (%) 2026]]*Table47[[#This Row],[Hrs 2026]]*Table47[[#This Row],[Rate 2026]] -> #REF! | O40: =Table47[[#This Row],[FTE (%) 2026]]*Table47[[#This Row],[Hrs 2026]] -> #REF! | P40: =Table47[[#This Row],[Personnel costs ]] -> #REF! | Q40: 190000 | R40: =VLOOKUP(Table47[[#This Row],[Task name]],#REF!,5,FALSE) -> #REF! | T40: =Table47[[#This Row],[Prognosis BP26]]-Table47[[#This Row],[Personnel costs ]] -> #REF!
A41: E2E C-Hub System Team | B41: Rest non-ögP, equivalent to _006 | C41: BM-00110021_002 | D41: System integration and performing V&V | E41: PS-CV/EES System Engineer EES (ex CVO/ENP) | F41: Personnel cost | G41: Blohm, Christina; Frank, Kornelius | H41: R&D System | I41: increased | J41: Christina: Dako Support, allerlei Support HW, Fahrzeug Aufbauten, Fahrzeugtests für den C-Hub release Kornelius: Fahrzeugtests für den C-Hub release | K41: 1 | L41: =_xlfn.IFNA(VLOOKUP(Table47[[#This Row],[Resource group]],#REF!,2,FALSE),"0") -> #REF! | M41: 140.3 | N41: =Table47[[#This Row],[FTE (%) 2026]]*Table47[[#This Row],[Hrs 2026]]*Table47[[#This Row],[Rate 2026]] -> #REF! | O41: =Table47[[#This Row],[FTE (%) 2026]]*Table47[[#This Row],[Hrs 2026]] -> #REF! | P41: =Table47[[#This Row],[Personnel costs ]] -> #REF! | Q41: =201000/35*25 -> 143571.43 | R41: =VLOOKUP(Table47[[#This Row],[Task name]],#REF!,5,FALSE) -> #REF! | T41: =Table47[[#This Row],[Prognosis BP26]]-Table47[[#This Row],[Personnel costs ]] -> #REF!
A42: E2E C-Hub System Team | B42: Rest ögP, equivalent to _007 | C42: BM-00110021_003 | D42: System Integration and Solution Architecture technical customer support | E42: PS-SC/PAC PAC1 | F42: Personnel cost | G42: Perless, Alexander | H42: R&D System | I42: constant | J42: no customer support, no specification of new concepts and requirements, further development of the vehicle database, integration with VI | K42: 1 | L42: =_xlfn.IFNA(VLOOKUP(Table47[[#This Row],[Resource group]],#REF!,2,FALSE),"0") -> #REF! | M42: 148.5 | N42: =Table47[[#This Row],[FTE (%) 2026]]*Table47[[#This Row],[Hrs 2026]]*Table47[[#This Row],[Rate 2026]] -> #REF! | O42: =Table47[[#This Row],[FTE (%) 2026]]*Table47[[#This Row],[Hrs 2026]] -> #REF! | P42: =Table47[[#This Row],[Personnel costs ]] -> #REF! | Q42: 163000 | R42: =VLOOKUP(Table47[[#This Row],[Task name]],#REF!,5,FALSE) -> #REF! | T42: =Table47[[#This Row],[Prognosis BP26]]-Table47[[#This Row],[Personnel costs ]] -> #REF!
A43: E2E C-Hub System Team | B43: Rest non-ögP, equivalent to _006 | C43: BM-00110021_002 | D43: Managing V&V | E43: PS-SC/ETX V&V CE Other Cust. Proj. | F43: Personnel cost | G43: Fagarasi, Lorand | H43: R&D System | I43: constant | J43: no C-Hub releases at PS | K43: 1 | L43: =_xlfn.IFNA(VLOOKUP(Table47[[#This Row],[Resource group]],#REF!,2,FALSE),"0") -> #REF! | M43: =_xlfn.IFNA(VLOOKUP(Table47[[#This Row],[Resource group]],#REF!,4,FALSE),"0") -> #REF! | N43: =Table47[[#This Row],[FTE (%) 2026]]*Table47[[#This Row],[Hrs 2026]]*Table47[[#This Row],[Rate 2026]] -> #REF! | O43: =Table47[[#This Row],[FTE (%) 2026]]*Table47[[#This Row],[Hrs 2026]] -> #REF! | P43: =Table47[[#This Row],[Personnel costs ]] -> #REF! | Q43: 92000 | R43: =VLOOKUP(Table47[[#This Row],[Task name]],#REF!,5,FALSE) -> #REF! | T43: =Table47[[#This Row],[Prognosis BP26]]-Table47[[#This Row],[Personnel costs ]] -> #REF!
A44: E2E C-Hub System Team | B44: Rest non-ögP, equivalent to _006 | C44: BM-00110021_002 | D44: Performing V&V | E44: PS-SC/ETX V&V CE Other Cust. Proj. | F44: Personnel cost | G44: Chirlejan, Alex Bogdan | H44: R&D System | I44: constant | J44: no C-Hub releases at PS | K44: 1 | L44: =_xlfn.IFNA(VLOOKUP(Table47[[#This Row],[Resource group]],#REF!,2,FALSE),"0") -> #REF! | M44: =_xlfn.IFNA(VLOOKUP(Table47[[#This Row],[Resource group]],#REF!,4,FALSE),"0") -> #REF! | N44: =Table47[[#This Row],[FTE (%) 2026]]*Table47[[#This Row],[Hrs 2026]]*Table47[[#This Row],[Rate 2026]] -> #REF! | O44: =Table47[[#This Row],[FTE (%) 2026]]*Table47[[#This Row],[Hrs 2026]] -> #REF! | P44: =Table47[[#This Row],[Personnel costs ]] -> #REF! | Q44: 92000 | R44: =VLOOKUP(Table47[[#This Row],[Task name]],#REF!,5,FALSE) -> #REF! | T44: =Table47[[#This Row],[Prognosis BP26]]-Table47[[#This Row],[Personnel costs ]] -> #REF!
B45: Rest non-ögP, equivalent to _006 | C45: BM-00110021_002 | D45: Installation App development | E45: PS-SC/PAC Other Costs | F45: Other cost | H45: R&D System | I45: new | L45: =_xlfn.IFNA(VLOOKUP(Table47[[#This Row],[Resource group]],#REF!,2,FALSE),"0") -> #REF! | M45: =_xlfn.IFNA(VLOOKUP(Table47[[#This Row],[Resource group]],#REF!,4,FALSE),"0") -> #REF! | N45: =#REF!*Table47[[#This Row],[Hrs 2026]]*Table47[[#This Row],[Rate 2026]] -> #REF! | O45: =Table47[[#This Row],[FTE (%) 2026]]*Table47[[#This Row],[Hrs 2026]] -> #REF! | P45: =Table47[[#This Row],[Prognosis BP26]] -> 150000 | Q45: 150000 | R45: =VLOOKUP(Table47[[#This Row],[Task name]],#REF!,5,FALSE) -> #REF! | T45: =Table47[[#This Row],[Prognosis BP26]]-Table47[[#This Row],[Personnel costs ]] -> #REF!
A46: Total | N46: =SUBTOTAL(109,Table47[[Personnel costs ]]) -> #REF! | P46: =SUBTOTAL(109,Table47[MCR (Plan input)]) -> #REF! | Q46: =SUBTOTAL(109,Table47[Prognosis BP26]) -> 8991817.1 | R46: =SUBTOTAL(109,Table47[C-Hub CF09/2025 (before redistribution to Cust. Proj)]) -> #REF!
D50: Assumptions
D51: Cold chain support mandatory to scale in 2026ff -->RS-232 required
D52: CDK required to support container use-case
D53: Limited feature development in BSW at XC-CP
D54: Releases: v1.4 (02/2026) ASW-only; v1.5 (05/2026) incl. Plant release; v1.6 (10/2026)

Sheet Final input Arun 002&003 (2)
A1: New MCR ID | B1: Task name | C1: Resource group | D1: Orga | E1: Orga new | F1: Cost type | G1: Person booking | H1: Hrs | I1: Amount
A2: BM-00110021_003 | B2: Refunding for C-Hub main project ögP | C2: PS-SC/CE-EU, CE-PE Publicly Funded Project - Refunding | F2: Refunding | G2: (blank) | I2: -330000
A3: BM-00110021_002 | B3: Customer integrations | C3: PS-SC/PAC Other Costs | D3: PA-CS | E3: PA-CS | F3: Other cost | G3: assumtption: 10 customer á 80k€ | I3: 0
A4: BM-00110021_002 | B4: MA for vehicle configuration | C4: PS-SC/PAC Other Costs | D4: ETAS | E4: ETAS | F4: Other cost | G4: Dirk needed for tranfer to PS | I4: 202500
A5: BM-00110021_002 | B5: RM+RD config + Cojali + Pantaris configs | C5: PS-SC/EDS_PS-SC EDS_PS-SC_XPS | D5: Cluj | E5: Cluj | F5: Personnel cost | G5: tbd | H5: 1496 | I5: 78598.667
A6: BM-00110021_002 | B6: RM+RD config + Cojali + Pantaris configs | C6: MS/ECP-PS-IN_iGPM SW-Services_DP | D6: IN | E6: IN | F6: Personnel cost | G6: Dhingra, Manish | H6: 1871 | I6: 52469
A7: BM-00110021_002 | B7: Data / rev. Eng. and AI | C7: PS-SC/PAC Other Costs | D7: PA-CS | E7: PA-CS | F7: Other cost | G7: (blank) | I7: 0
A8: BM-00110021_002 | B8: Series Logistics Concept | C8: PS-SC/PAC Other Costs | D8: M | E8: M | F8: Other cost | G8: (blank) | I8: 0
A9: BM-00110021_002 | B9: NA Team + other cost | C9: PS-SC/EBR-NA SW Eng | D9: PA-CS/NA | E9: PA-CS/NA | F9: Personnel cost | H9: 3720 | I9: 423141.91
A10: BM-00110021_002 | B10: VCS SW maintance | C10: PS-SC/PAC Other Costs | D10: VCS | E10: VCS | F10: Other cost | G10: (blank) | I10: 370000
A11: BM-00110021_002 | B11: System integration and performing V&V | C11: PS-SC/XPS PS-SC XPS development | D11: PA-CS | E11: PA-CS | F11: Personnel cost | G11: Patrick, has not booked yet. | H11: 721 | I11: 124588.8
A12: BM-00110021_002 | B12: Operations L1/L2 Incident/Problem/Monitoring | C12: PS-SC/EDS_PS-SC EDS_PS-SC_XPS | D12: Cluj | E12: Cluj | F12: Personnel cost | G12: Sorina + tbd | H12: 2244 | I12: 117898
A13: BM-00110021_002 | B13: Service Management | C13: PS-SC/ETX | D13: Cluj | E13: Cluj | F13: Personnel cost | G13: Lausch, Ann Kathrin / Cluj PS-SC/ETX | H13: 1550 | I13: 81435.784
A14: BM-00110021_002 | B14: Service Operation EU - VI | C14: PS-SC/PAC Other Costs | D14: Operation | E14: Operation | F14: Other cost? | I14: 50000
A15: BM-00110021_002 | B15: Service Operation NA - VI | C15: PS-SC/PAC Other Costs | D15: Operation | E15: Operation | F15: Other cost? | I15: 50000
A16: BM-00110021_003 | B16: Partner Manager | C16: PS-SC/PAC PAC1 | D16: PA-CS | E16: PA-CS | F16: Personnel cost | G16: Hornung, Floyd? | H16: 283.8 | I16: 42144.3
A17: BM-00110021_002 | B17: EPQ | C17: MS/ECP-PS-IN_iGPM SW-Services_DP | D17: IN | E17: IN | F17: Personnel cost | G17: Lakshmi, Ramakrishnan | H17: 654.85 | I17: 18361.994
A18: BM-00110021_002 | B18: Security Manager | C18: PS-SC/EDS_PS-SC EDS_PS-SC_XPS | D18: Cluj | E18: IN | F18: Personnel cost | G18: Shashikumar, Nagaraju; Khandelwal, Priti | H18: 374 | I18: 19649.667
A19: BM-00110021_002 | B19: Support BGSW (Arun) | C19: MS/END-IN_iGPM Mechanical_Design_Services_W/O_CAD_SW_PS_Sensors | D19: IN | E19: IN | F19: Personnel cost | G19: Palanisamy, Babu | H19: 936 | I19: 19721.52
A20: BM-00110021_002 | B20: BD Support (Technical Documentation) | C20: PS-SC/PAC Other Costs | D20: BD | E20: BD | F20: Other cost | G20: Marianne, Nina | I20: 87000
A21: BM-00110021_003 | B21: Product development lead | C21: PS-CV/EES System Engineer EES (ex CVO/ENP) | D21: CV | E21: CV | F21: Personnel cost | G21: Hodzic, Alkis -> Transfer Alkis to PS-S -> C reduces costs | H21: 1617 | I21: 226865.1
A22: BM-00110021_002 | B22: BD Support (PjM and Controlling) | C22: PS-SC/PAC Other Costs | D22: BD | E22: BD | F22: Other cost | G22: Rainer, Stan | I22: 355125
A23: BM-00110021_002 | B23: CVIT Partner Manager | C23: PS-SC/PAC Other Costs | D23: Bari | E23: Bari | F23: Other cost | G23: (blank) | I23: 98689.339
A24: BM-00110021_002 | B24: ETAS-MSS Cojali | C24: PS-SC/PAC Other Costs | D24: ETAS | E24: ETAS | F24: Other cost | G24: (blank) | I24: 80000
A25: BM-00110021_002 | B25: R&D at Cojali | C25: PS-SC/PAC Other Costs | D25: Operation | E25: Operation | F25: Other cost | G25: (blank) | I25: 90000
A26: BM-00110021_002 | B26: PO for Cojali | C26: PS-SC/PAC Other Costs | D26: VCS | E26: VCS | F26: Other cost | G26: Scholz, Sebastian | I26: 180000
A27: BM-00110021_002 | B27: VCS R&D | C27: PS-SC/PAC Other Costs | D27: VCS | E27: VCS | F27: Other cost | G27: (blank) | I27: 682500
A28: BM-00110021_002 | B28: BD Support (Cojali & CDK) | C28: PS-SC/PAC Other Costs | D28: BD | E28: BD | F28: Other cost | G28: Gibayev Oleg | I28: 136028.67
A29: BM-00110021_003 | B29: CDK development | C29: PS-SC/EDS_PS-SC EDS_PS-SC_XPS | D29: Cluj | E29: Cluj | F29: Personnel cost | G29: tbd | H29: 1496 | I29: 78598.667
A30: BM-00110021_002 | B30: Technical Docu Cluj | C30: PS-SC/EDS_PS-SC EDS_PS-SC_XPS | D30: Cluj | E30: Cluj | F30: Personnel cost | G30: tbd | H30: 748 | I30: 39299.333
A31: BM-00110021_003 | B31: Other cost / Lab, HW etc. | C31: PS-SC/PAC Other Costs | D31: Operation | E31: Operation | F31: Other cost | G31: (blank) | I31: 20000
A32: BM-00110021_002 | B32: Customer Cloud Integration / pre-development for VI integration | C32: PS-SC/EDS_PS-SC EDS_PS-SC_XPS | D32: Cluj | E32: Cluj | F32: Personnel cost | G32: Modoc, Daniel Stefan | H32: 1496 | I32: 78598.667
A33: BM-00110021_002 | B33: E2E System Team - Requirements Eng. & System development | C33: MS/ECP-PS-IN_iGPM SW-Services_DP | D33: IN | E33: IN | F33: Personnel cost | G33: Praveen, K M | H33: 1871 | I33: 52462.84
A34: BM-00110021_002 | B34: E2E System Team - SysArch - Requirements Eng. & System development | C34: PS-SC/EDS_PS-SC EDS_PS-SC_XPS | D34: Cluj | E34: Cluj | F34: Personnel cost | G34: Guias, Cornel Liviu; Hategan, Liviu Ioan; | H34: 2992 | I34: 157197.33
A35: BM-00110021_002 | B35: System integration and performing V&V | C35: PS-CV/EES System Engineer EES (ex CVO/ENP) | D35: CV | E35: CV | F35: Personnel cost | G35: Blohm, Christina; Frank, Kornelius | H35: 511.65869 | I35: 71785.714
A36: BM-00110021_003 | B36: System Integration and Solution Architecture technical customer support | C36: PS-SC/PAC PAC1 | D36: PA-CS | E36: PA-CS | F36: Personnel cost | G36: Perless, Alexander | H36: 1419 | I36: 210721.5
A37: BM-00110021_002 | B37: Managing V&V | C37: PS-SC/ETX V&V CE Other Cust. Proj. | D37: Cluj | E37: Cluj | F37: Personnel cost | G37: Fagarasi, Lorand | H37: 1550 | I37: 81437
A38: BM-00110021_002 | B38: Performing V&V | C38: PS-SC/ETX V&V CE Other Cust. Proj. | D38: Cluj | E38: Cluj | F38: Personnel cost | G38: Chirlejan, Alex Bogdan | H38: 1550 | I38: 81437
A39: BM-00110021_002 | B39: Installation App development | C39: PS-SC/PAC Other Costs | D39: Operation | E39: Operation | F39: Other cost | I39: 0
A40: C-Hub Cust Ext - Rainer to define MCR | B40: Customer integrations | C40: PS-SC/PAC Other Costs | D40: PA-CS | E40: PA-CS | F40: Other cost | G40: assumtption: 10 customer á 80k€ | I40: 200000
A41: C-Hub Cust Ext - Rainer to define MCR | B41: MA for vehicle configuration | C41: PS-SC/PAC Other Costs | D41: ETAS | E41: ETAS | F41: Other cost | G41: Dirk needed for tranfer to PS | I41: 67500
A42: C-Hub Cust Ext - Rainer to define MCR | B42: NA Team + other cost | C42: PS-SC/EBR-NA SW Eng | D42: PA-CS/NA | E42: PA-CS/NA | F42: Personnel cost | H42: 3720 | I42: 423141.91
A43: C-Hub Cust Ext - Rainer to define MCR | B43: Operations L1/L2 Incident/Problem/Monitoring | C43: PS-SC/EDS_PS-SC EDS_PS-SC_XPS | D43: Cluj | E43: Cluj | F43: Personnel cost | G43: Sorina + Bianca + Maria (200%) | H43: 2244 | I43: 78598.667
A44: C-Hub Cust Ext - Rainer to define MCR | B44: Service Operation EU - VI | C44: PS-SC/PAC Other Costs | D44: Operation | E44: Operation | F44: Other cost? | I44: 75000
A45: C-Hub Cust Ext - Rainer to define MCR | B45: Service Operation NA - VI | C45: PS-SC/PAC Other Costs | D45: Operation | E45: Operation | F45: Other cost? | I45: 75000
A46: C-Hub Cust Ext - Rainer to define MCR | B46: Partner Manager | C46: PS-SC/PAC PAC1 | D46: PA-CS | E46: PA-CS | F46: Personnel cost | G46: Hornung, Floyd? | H46: 283.8 | I46: 42144.3
A47: C-Hub Cust Ext - Rainer to define MCR | B47: C-Hub XC New Features | C47: Various XC | D47: XC | E47: XC | F47: Other cost | G47: Multiple | I47: 286993.92
A48: C-Hub Cust Ext - Rainer to define MCR | B48: ETAS-MSS Cojali | C48: PS-SC/PAC Other Costs | D48: ETAS | E48: ETAS | F48: Other cost | G48: (blank) | I48: 70000
A49: C-Hub Cust Ext - Rainer to define MCR | B49: R&D at Cojali | C49: PS-SC/PAC Other Costs | D49: Operation | E49: Operation | F49: Other cost | G49: (blank) | I49: 270000
A50: C-Hub Cust Ext - Rainer to define MCR | B50: VCS R&D | C50: PS-SC/PAC Other Costs | D50: VCS | E50: VCS | F50: Other cost | G50: (blank) | I50: 292500
A51: C-Hub Cust Ext - Rainer to define MCR | B51: Other cost / Lab, HW etc. | C51: PS-SC/PAC Other Costs | D51: Operation | E51: Operation | F51: Other cost | G51: (blank) | I51: 30000
A52: C-Hub Cust Ext - Rainer to define MCR | B52: System Integration and Solution Architecture technical customer support | C52: PS-SC/PAC PAC1 | D52: PA-CS | E52: PA-CS | F52: Personnel cost | G52: Perless, Alexander | H52: 1419 | I52: 42144.3
I53: =SUBTOTAL(109,Table42689[Amount]) -> 248329.57
I54: =Table42689[[#Totals],[Amount]]/1000 -> 248.32957
D65: PDCL | E65: M Euro | F65: % Of PDCL | G65: M Euro
B66: 5492624.7 | D66: P00540 | E66: =B66/1000000 -> 5.4926247 | F66: 0.49 | G66: =E66*F66 -> 2.6913861
B67: 5492624.7 | D67: P00280 | E67: =B67/1000000 -> 5.4926247 | F67: 0.51 | G67: =E67*F67 -> 2.8012386

Sheet Draft_Arun
A1: Team bucket | B1: New MCR logic | C1: Task name | D1: Resource group | E1: Cost type | F1: Person booking | G1: new Team | H1: delta to 2025 | I1: consequence if canceled | J1: FTE (%) 2026 | K1: Hrs 2026 | L1: Rate 2026 | M1: Personnel costs | N1: Prognosis BP26 | O1: Prognosis BP27 | P1: C-Hub CF09/2025 (before redistribution to Cust. Proj) | Q1: Comments to Prognosis BP26
A2: Refunding | B2: Rest ögP, equivalent to _007 | C2: Refunding for C-Hub main project ögP | D2: PS-SC/CE-EU, CE-PE Publicly Funded Project - Refunding | E2: Refunding | F2: (blank) | G2: - | K2: =_xlfn.IFNA(VLOOKUP(Table42[[#This Row],[Resource group]],#REF!,2,FALSE),"0") -> #REF! | L2: =_xlfn.IFNA(VLOOKUP(Table42[[#This Row],[Resource group]],#REF!,4,FALSE),"0") -> #REF! | M2: =Table42[[#This Row],[FTE (%) 2026]]*Table42[[#This Row],[Hrs 2026]]*Table42[[#This Row],[Rate 2026]] -> #REF! | O2: =Table42[[#This Row],[Prognosis BP26]]/1000 -> 0 | P2: =VLOOKUP(Table42[[#This Row],[Task name]],#REF!,5,FALSE) -> #REF!
A3: Refunding | B3: XC ögP, equivalent to_005 | C3: Refunding for C-Hub XC ögP | D3: PS-SC/CE-EU, CE-PE Publicly Funded Project - Refunding | E3: Refunding | F3: (blank) | G3: - | K3: =_xlfn.IFNA(VLOOKUP(Table42[[#This Row],[Resource group]],#REF!,2,FALSE),"0") -> #REF! | L3: =_xlfn.IFNA(VLOOKUP(Table42[[#This Row],[Resource group]],#REF!,4,FALSE),"0") -> #REF! | M3: =Table42[[#This Row],[FTE (%) 2026]]*Table42[[#This Row],[Hrs 2026]]*Table42[[#This Row],[Rate 2026]] -> #REF! | O3: =Table42[[#This Row],[Prognosis BP26]]/1000 -> 0 | P3: =VLOOKUP(Table42[[#This Row],[Task name]],#REF!,5,FALSE) -> #REF!
A4: Customer specific effort | B4: Rest non-ögP, equivalent to _006 | C4: Customer integrations | D4: PS-SC/PAC Other Costs | E4: Other cost | F4: assumtption: 10 customer á 80k€ | G4: Customer specific | H4: new | K4: =_xlfn.IFNA(VLOOKUP(Table42[[#This Row],[Resource group]],#REF!,2,FALSE),"0") -> #REF! | L4: =_xlfn.IFNA(VLOOKUP(Table42[[#This Row],[Resource group]],#REF!,4,FALSE),"0") -> #REF! | M4: =Table42[[#This Row],[FTE (%) 2026]]*Table42[[#This Row],[Hrs 2026]]*Table42[[#This Row],[Rate 2026]] -> #REF! | N4: =80000*10 -> 800000 | O4: =Table42[[#This Row],[Prognosis BP26]]/1000 -> 800
A5: Cojali Development | B5: Rest non-ögP, equivalent to _006 | C5: MA for vehicle configuration | D5: PS-SC/PAC Other Costs | E5: Other cost | F5: Dirk needed for tranfer to PS | G5: DaaS Delivery | H5: constant | I5: special know how for RD. No other person available. Lead: no standard diagnostics data or RD use cases like for TOP107, Austria, ECP | J5: 1 | K5: =_xlfn.IFNA(VLOOKUP(Table42[[#This Row],[Resource group]],#REF!,2,FALSE),"0") -> #REF! | L5: =_xlfn.IFNA(VLOOKUP(Table42[[#This Row],[Resource group]],#REF!,4,FALSE),"0") -> #REF! | M5: =Table42[[#This Row],[FTE (%) 2026]]*Table42[[#This Row],[Hrs 2026]]*Table42[[#This Row],[Rate 2026]] -> #REF! | N5: 270000 | O5: =Table42[[#This Row],[Prognosis BP26]]/1000 -> 270 | P5: =VLOOKUP(Table42[[#This Row],[Task name]],#REF!,5,FALSE) -> #REF!
A6: Cojali Development | B6: Rest non-ögP, equivalent to _006 | C6: RM+RD config + Cojali + Pantaris configs | D6: MS/ECP-PS-IN_iGPM SW-Services_DP | E6: Personnel cost | F6: Transfer to PS (Vienna?) | G6: DaaS Delivery | H6: new | I6: no transfer to PS possible | J6: 1 | K6: =_xlfn.IFNA(VLOOKUP(Table42[[#This Row],[Resource group]],#REF!,2,FALSE),"0") -> #REF! | L6: =_xlfn.IFNA(VLOOKUP(Table42[[#This Row],[Resource group]],#REF!,4,FALSE),"0") -> #REF! | M6: =Table42[[#This Row],[FTE (%) 2026]]*Table42[[#This Row],[Hrs 2026]]*Table42[[#This Row],[Rate 2026]] -> #REF! | N6: 150000 | O6: =Table42[[#This Row],[Prognosis BP26]]/1000 -> 150
A7: Cojali Development | B7: Rest non-ögP, equivalent to _006 | C7: RM+RD config + Cojali + Pantaris configs | D7: MS/ECP-PS-IN_iGPM SW-Services_DP | E7: Personnel cost | F7: Dhingra, Manish | G7: DaaS Delivery | H7: constant | I7: no RM configs (CAN Data) for any use-case / required for DaaS | J7: 1 | K7: =_xlfn.IFNA(VLOOKUP(Table42[[#This Row],[Resource group]],#REF!,2,FALSE),"0") -> #REF! | L7: =_xlfn.IFNA(VLOOKUP(Table42[[#This Row],[Resource group]],#REF!,4,FALSE),"0") -> #REF! | M7: =Table42[[#This Row],[FTE (%) 2026]]*Table42[[#This Row],[Hrs 2026]]*Table42[[#This Row],[Rate 2026]] -> #REF! | N7: 54000 | O7: =Table42[[#This Row],[Prognosis BP26]]/1000 -> 54 | P7: =VLOOKUP(Table42[[#This Row],[Task name]],#REF!,5,FALSE) -> #REF!
A8: E2E C-Hub System Team | B8: Rest non-ögP, equivalent to _006 | C8: Data / rev. Eng. and AI | D8: PS-SC/PAC Other Costs | E8: Other cost | F8: (blank) | G8: DaaS Delivery | H8: new | I8: LCV data not available; no support of EVs; support busses difficult | J8: other cost | K8: =_xlfn.IFNA(VLOOKUP(Table42[[#This Row],[Resource group]],#REF!,2,FALSE),"0") -> #REF! | L8: =_xlfn.IFNA(VLOOKUP(Table42[[#This Row],[Resource group]],#REF!,4,FALSE),"0") -> #REF! | N8: 150000 | O8: =Table42[[#This Row],[Prognosis BP26]]/1000 -> 150 | P8: =VLOOKUP(Table42[[#This Row],[Task name]],#REF!,5,FALSE) -> #REF!
A9: Other costs | B9: Rest non-ögP, equivalent to _006 | C9: Series Logistics Concept | D9: PS-SC/PAC Other Costs | E9: Other cost | F9: (blank) | G9: Logistics | H9: constant | I9: no delivery to new customers possible; no handling of shortage etc. | J9: other cost | K9: =_xlfn.IFNA(VLOOKUP(Table42[[#This Row],[Resource group]],#REF!,2,FALSE),"0") -> #REF! | L9: =_xlfn.IFNA(VLOOKUP(Table42[[#This Row],[Resource group]],#REF!,4,FALSE),"0") -> #REF! | N9: 67000 | O9: =Table42[[#This Row],[Prognosis BP26]]/1000 -> 67 | P9: =VLOOKUP(Table42[[#This Row],[Task name]],#REF!,5,FALSE) -> #REF!
A10: NA Activities | B10: Rest non-ögP, equivalent to _006 | C10: NA Team + other cost | D10: PS-EC EBR-NA SW Eng | E10: Personnel cost | G10: NA Localization | H10: increasing | I10: no NA customer acquisition support and no NA C-Hub. | J10: pauschal top-down geschätzt | K10: =_xlfn.IFNA(VLOOKUP(Table42[[#This Row],[Resource group]],#REF!,2,FALSE),"0") -> #REF! | L10: =_xlfn.IFNA(VLOOKUP(Table42[[#This Row],[Resource group]],#REF!,4,FALSE),"0") -> #REF! | M10: =Table42[[#This Row],[FTE (%) 2026]]*Table42[[#This Row],[Hrs 2026]]*Table42[[#This Row],[Rate 2026]] -> #VALUE! | N10: 790000 | O10: =Table42[[#This Row],[Prognosis BP26]]/1000 -> 790
A11: Cojali Development | B11: Rest non-ögP, equivalent to _006 | C11: VCS SW maintance | D11: PS-SC/PAC Other Costs | E11: Other cost | F11: (blank) | G11: Operation of Service | H11: constant | I11: stop C-Hub | J11: Walter/Rainer klärt mit Daniel | K11: =_xlfn.IFNA(VLOOKUP(Table42[[#This Row],[Resource group]],#REF!,2,FALSE),"0") -> #REF! | L11: =_xlfn.IFNA(VLOOKUP(Table42[[#This Row],[Resource group]],#REF!,4,FALSE),"0") -> #REF! | M11: =Table42[[#This Row],[FTE (%) 2026]]*Table42[[#This Row],[Hrs 2026]]*Table42[[#This Row],[Rate 2026]] -> #VALUE! | N11: 400000 | O11: =Table42[[#This Row],[Prognosis BP26]]/1000 -> 400 | P11: =VLOOKUP(Table42[[#This Row],[Task name]],#REF!,5,FALSE) -> #REF!
A12: E2E C-Hub System Team | B12: Rest non-ögP, equivalent to _006 | C12: System integration and performing V&V | D12: PS-SC/XPS PS-SC XPS development | E12: Personnel cost | F12: Patrick, has not booked yet. | G12: Operation of Service | H12: constant | I12: no customer support ww; E2E integration, testing, and release; no Remodul tech support | J12: 1 | K12: =_xlfn.IFNA(VLOOKUP(Table42[[#This Row],[Resource group]],#REF!,2,FALSE),"0") -> #REF! | L12: =_xlfn.IFNA(VLOOKUP(Table42[[#This Row],[Resource group]],#REF!,4,FALSE),"0") -> #REF! | M12: =Table42[[#This Row],[FTE (%) 2026]]*Table42[[#This Row],[Hrs 2026]]*Table42[[#This Row],[Rate 2026]] -> #REF! | N12: 160000 | O12: =Table42[[#This Row],[Prognosis BP26]]/1000 -> 160
A13: PjM, Biz Dev, service mng | B13: Rest ögP, equivalent to _007 | C13: Operations L1/L2 Incident/Problem/Monitoring | D13: PS-SC/PAC PAC1 | E13: Personnel cost | F13: Beck, Jochen --> transfer to Cluj | G13: Operation of Service | H13: constant | I13: required for serivce delivery, OPS and support | J13: 1 | K13: =_xlfn.IFNA(VLOOKUP(Table42[[#This Row],[Resource group]],#REF!,2,FALSE),"0") -> #REF! | L13: =_xlfn.IFNA(VLOOKUP(Table42[[#This Row],[Resource group]],#REF!,4,FALSE),"0") -> #REF! | M13: =Table42[[#This Row],[FTE (%) 2026]]*Table42[[#This Row],[Hrs 2026]]*Table42[[#This Row],[Rate 2026]] -> #REF! | N13: 178000 | O13: =Table42[[#This Row],[Prognosis BP26]]/1000 -> 178 | P13: =VLOOKUP(Table42[[#This Row],[Task name]],#REF!,5,FALSE) -> #REF!
A14: PjM, Biz Dev, service mng | B14: Rest non-ögP, equivalent to _006 | C14: Service Management | D14: PS-SC/ETX | E14: Personnel cost | F14: Lausch, Ann Kathrin / Cluj PS-SC/ETX | G14: Operation of Service | H14: new | I14: required for serivce delivery, OPS and support / 100% FTE wanted, to be discussed | J14: 1 | K14: 1550 | L14: 52.539216 | M14: =Table42[[#This Row],[FTE (%) 2026]]*Table42[[#This Row],[Hrs 2026]]*Table42[[#This Row],[Rate 2026]] -> 81435.784 | N14: =54000 -> 54000 | O14: =Table42[[#This Row],[Prognosis BP26]]/1000 -> 54 | P14: =VLOOKUP(Table42[[#This Row],[Task name]],#REF!,5,FALSE) -> #REF!
A15: OPS Team EU (VI) | B15: Rest non-ögP, equivalent to _006 | C15: Service Operation EU - VI | D15: PS-SC/PAC Other Costs | E15: Other cost? | G15: Operation of Service | H15: new | J15: to be aligned with Gernot | K15: =_xlfn.IFNA(VLOOKUP(Table42[[#This Row],[Resource group]],#REF!,2,FALSE),"0") -> #REF! | L15: =_xlfn.IFNA(VLOOKUP(Table42[[#This Row],[Resource group]],#REF!,4,FALSE),"0") -> #REF! | M15: =Table42[[#This Row],[FTE (%) 2026]]*Table42[[#This Row],[Hrs 2026]]*Table42[[#This Row],[Rate 2026]] -> #VALUE! | N15: 150000 | O15: =Table42[[#This Row],[Prognosis BP26]]/1000 -> 150
A16: OPS Team NA (VI) | B16: Rest non-ögP, equivalent to _006 | C16: Service Operation NA - VI | D16: PS-SC/PAC Other Costs | E16: Other cost? | G16: Operation of Service | H16: new | J16: to be aligned with Gernot | K16: =_xlfn.IFNA(VLOOKUP(Table42[[#This Row],[Resource group]],#REF!,2,FALSE),"0") -> #REF! | L16: =_xlfn.IFNA(VLOOKUP(Table42[[#This Row],[Resource group]],#REF!,4,FALSE),"0") -> #REF! | M16: =Table42[[#This Row],[FTE (%) 2026]]*Table42[[#This Row],[Hrs 2026]]*Table42[[#This Row],[Rate 2026]] -> #VALUE! | N16: 150000 | O16: =Table42[[#This Row],[Prognosis BP26]]/1000 -> 150
A17: PjM, Biz Dev, service mng | B17: Rest ögP, equivalent to _007 | C17: Partner Manager | D17: PS-SC/PAC PAC1 | E17: Personnel cost | F17: Hornung, Floyd? | G17: Partner | H17: constant | I17: required to build and maintane C-Hub partnerships (Antenna, Wire harness, CAN reader, …) | J17: 1 | K17: =_xlfn.IFNA(VLOOKUP(Table42[[#This Row],[Resource group]],#REF!,2,FALSE),"0") -> #REF! | L17: =_xlfn.IFNA(VLOOKUP(Table42[[#This Row],[Resource group]],#REF!,4,FALSE),"0") -> #REF! | M17: =Table42[[#This Row],[FTE (%) 2026]]*Table42[[#This Row],[Hrs 2026]]*Table42[[#This Row],[Rate 2026]] -> #REF! | N17: 178000 | O17: =Table42[[#This Row],[Prognosis BP26]]/1000 -> 178 | P17: 36749 | Q17: topics: Kabelbäume, Antennen, ind CAN reader, Sensors TPMS,…
A18: Cojali Development | B18: Rest non-ögP, equivalent to _006 | C18: EPQ | D18: MS/ECP-PS-IN_iGPM SW-Services_DP | E18: Personnel cost | F18: Lakshmi, Ramakrishnan | G18: PjM, Release | H18: constant | I18: no C-Hub releases at PS | J18: 0.35 | K18: =_xlfn.IFNA(VLOOKUP(Table42[[#This Row],[Resource group]],#REF!,2,FALSE),"0") -> #REF! | L18: =_xlfn.IFNA(VLOOKUP(Table42[[#This Row],[Resource group]],#REF!,4,FALSE),"0") -> #REF! | M18: =Table42[[#This Row],[FTE (%) 2026]]*Table42[[#This Row],[Hrs 2026]]*Table42[[#This Row],[Rate 2026]] -> #REF! | N18: 18000 | O18: =Table42[[#This Row],[Prognosis BP26]]/1000 -> 18 | P18: =VLOOKUP(Table42[[#This Row],[Task name]],#REF!,5,FALSE) -> #REF!
A19: Cojali Development | B19: Rest non-ögP, equivalent to _006 | C19: Security Manager | D19: MS/ECY-IN_iGPM Developer | E19: Personnel cost | F19: Shashikumar, Nagaraju; Khandelwal, Priti | G19: PjM, Release | H19: constant | I19: no C-Hub updates for new features like Wlan/BLE | J19: 0.3 | K19: =_xlfn.IFNA(VLOOKUP(Table42[[#This Row],[Resource group]],#REF!,2,FALSE),"0") -> #REF! | L19: =_xlfn.IFNA(VLOOKUP(Table42[[#This Row],[Resource group]],#REF!,4,FALSE),"0") -> #REF! | M19: =Table42[[#This Row],[FTE (%) 2026]]*Table42[[#This Row],[Hrs 2026]]*Table42[[#This Row],[Rate 2026]] -> #REF! | N19: 20000 | O19: =Table42[[#This Row],[Prognosis BP26]]/1000 -> 20 | P19: =VLOOKUP(Table42[[#This Row],[Task name]],#REF!,5,FALSE) -> #REF!
A20: Cojali Development | B20: Rest non-ögP, equivalent to _006 | C20: Support BGSW (Arun) | D20: MS/END-IN_iGPM Mechanical_Design_Services_W/O_CAD_SW_PS_Sensors | E20: Personnel cost | F20: Palanisamy, Babu | G20: PjM, Release | H20: constant | I20: required to maintane comlex controlling structure | J20: 0.5 | K20: =_xlfn.IFNA(VLOOKUP(Table42[[#This Row],[Resource group]],#REF!,2,FALSE),"0") -> #REF! | L20: =_xlfn.IFNA(VLOOKUP(Table42[[#This Row],[Resource group]],#REF!,4,FALSE),"0") -> #REF! | M20: =Table42[[#This Row],[FTE (%) 2026]]*Table42[[#This Row],[Hrs 2026]]*Table42[[#This Row],[Rate 2026]] -> #REF! | N20: 20000 | O20: =Table42[[#This Row],[Prognosis BP26]]/1000 -> 20 | P20: =VLOOKUP(Table42[[#This Row],[Task name]],#REF!,5,FALSE) -> #REF!
A21: E2E C-Hub System Team | B21: Rest non-ögP, equivalent to _006 | C21: BD Support (Technical Documentation) | D21: PS-SC/PAC Other Costs | E21: Other cost | F21: Marianne, Nina | G21: PjM, Release | H21: constant | I21: no customer documentation, unhappy customers, blocking releases | J21: same as 2025 | K21: =_xlfn.IFNA(VLOOKUP(Table42[[#This Row],[Resource group]],#REF!,2,FALSE),"0") -> #REF! | L21: =_xlfn.IFNA(VLOOKUP(Table42[[#This Row],[Resource group]],#REF!,4,FALSE),"0") -> #REF! | M21: =Table42[[#This Row],[FTE (%) 2026]]*Table42[[#This Row],[Hrs 2026]]*Table42[[#This Row],[Rate 2026]] -> #VALUE! | N21: =107474+8618 -> 116092 | O21: =Table42[[#This Row],[Prognosis BP26]]/1000 -> 116.092 | P21: 127254.49 | Q21: Based on BP26 in PLW 71_1947 C-Hub Core Functions
A22: E2E C-Hub System Team | B22: Rest ögP, equivalent to _007 | C22: Product development lead | D22: PS-CV/EES System Engineer EES (ex CVO/ENP) | E22: Personnel cost | F22: Hodzic, Alkis -> Transfer Alkis to PS-S -> C reduces costs | G22: PjM, Release | H22: constant | I22: required | J22: 1 | K22: =_xlfn.IFNA(VLOOKUP(Table42[[#This Row],[Resource group]],#REF!,2,FALSE),"0") -> #REF! | L22: =_xlfn.IFNA(VLOOKUP(Table42[[#This Row],[Resource group]],#REF!,4,FALSE),"0") -> #REF! | M22: =Table42[[#This Row],[FTE (%) 2026]]*Table42[[#This Row],[Hrs 2026]]*Table42[[#This Row],[Rate 2026]] -> #REF! | N22: 201000 | O22: =Table42[[#This Row],[Prognosis BP26]]/1000 -> 201 | P22: 248000 | Q22: Input Alkis (16-Sep-25): For 2026 it would be ~200.600 €
A23: PjM, Biz Dev, service mng | B23: Rest non-ögP, equivalent to _006 | C23: BD Support (PjM and Controlling) | D23: PS-SC/PAC Other Costs | E23: Other cost | F23: Rainer, Stan | G23: PjM, Release | H23: constant | I23: required | J23: other cost | K23: =_xlfn.IFNA(VLOOKUP(Table42[[#This Row],[Resource group]],#REF!,2,FALSE),"0") -> #REF! | L23: =_xlfn.IFNA(VLOOKUP(Table42[[#This Row],[Resource group]],#REF!,4,FALSE),"0") -> #REF! | N23: 355125 | O23: =Table42[[#This Row],[Prognosis BP26]]/1000 -> 355.125 | P23: 298288.99 | Q23: Based on BP26 in PLW 71_1947 C-Hub Core Functions
A24: XC-CP | B24: XC, split 50/50 ögp/non-ögp, equivalent to _004 | C24: C-Hub XC Series Care_004 | D24: Various XC | E24: Other cost | F24: Multiple | G24: R&D BSW | H24: reduced | I24: no C-Hub support for bugfixing and maintanance; no new features possible | K24: =_xlfn.IFNA(VLOOKUP(Table42[[#This Row],[Resource group]],#REF!,2,FALSE),"0") -> #REF! | L24: =_xlfn.IFNA(VLOOKUP(Table42[[#This Row],[Resource group]],#REF!,4,FALSE),"0") -> #REF! | M24: =Table42[[#This Row],[FTE (%) 2026]]*Table42[[#This Row],[Hrs 2026]]*Table42[[#This Row],[Rate 2026]] -> #REF! | N24: =(1475000*0.85)/2 -> 626875 | O24: =Table42[[#This Row],[Prognosis BP26]]/1000 -> 626.875 | P24: =VLOOKUP(Table42[[#This Row],[Task name]],#REF!,5,FALSE) -> #REF! | Q24: BP26 -> mail from Oezcan Can, 22-Jul: [C-Hub_XC] CF09/25 & BP26 : Update MCR projects
A25: XC-CP | B25: XC, split 50/50 ögp/non-ögp, equivalent to _005 | C25: C-Hub XC Series Care_005 | D25: Various XC | E25: Other cost | F25: Multiple | G25: R&D BSW | H25: reduced | I25: no C-Hub support for bugfixing and maintanance; no new features possible | K25: =_xlfn.IFNA(VLOOKUP(Table42[[#This Row],[Resource group]],#REF!,2,FALSE),"0") -> #REF! | L25: =_xlfn.IFNA(VLOOKUP(Table42[[#This Row],[Resource group]],#REF!,4,FALSE),"0") -> #REF! | M25: =Table42[[#This Row],[FTE (%) 2026]]*Table42[[#This Row],[Hrs 2026]]*Table42[[#This Row],[Rate 2026]] -> #REF! | N25: =(1475000*0.85)/2 -> 626875 | O25: =Table42[[#This Row],[Prognosis BP26]]/1000 -> 626.875 | P25: =VLOOKUP(Table42[[#This Row],[Task name]],#REF!,5,FALSE) -> #REF! | Q25: BP26 -> mail from Oezcan Can, 22-Jul: [C-Hub_XC] CF09/25 & BP26 : Update MCR projects
A26: XC-CP | B26: XC, split 50/50 ögp/non-ögp, equivalent to _004 | C26: C-Hub XC New Features | D26: Various XC | E26: Other cost | F26: Multiple | G26: R&D BSW | H26: reduced | I26: no new features possible | K26: =_xlfn.IFNA(VLOOKUP(Table42[[#This Row],[Resource group]],#REF!,2,FALSE),"0") -> #REF! | L26: =_xlfn.IFNA(VLOOKUP(Table42[[#This Row],[Resource group]],#REF!,4,FALSE),"0") -> #REF! | M26: =Table42[[#This Row],[FTE (%) 2026]]*Table42[[#This Row],[Hrs 2026]]*Table42[[#This Row],[Rate 2026]] -> #REF! | N26: =(1475000*0.15)/2 -> 110625 | O26: =Table42[[#This Row],[Prognosis BP26]]/1000 -> 110.625 | P26: =VLOOKUP(Table42[[#This Row],[Task name]],#REF!,5,FALSE) -> #REF! | Q26: BP26 -> mail from Oezcan Can, 22-Jul: [C-Hub_XC] CF09/25 & BP26 : Update MCR projects
